编号,能力分层,能力类型,分组,问题描述,涉及金额,影响报表项目,影响认定,性质,严重程度,处理方式,隐蔽手法,为什么难,检出路径,证据文件,应实施程序,可自动检出规则,需要的能力
H01,T2,跨表勾稽,存货与成本,"暂估入库未冲回：采购发票已到 400,000,000，暂估 393,200,000 未调整，差额 6,800,000 长期挂在预付账款，存货与成本同时少计",6800000,存货、预付款项、营业成本,计价与分摊、完整性,错报,中,需调整,总账三处各自平衡；差额只在『采购发票登记簿汇总金额』与『存货入库明细汇总金额』两个不同来源的合计数相减时出现,两张明细表都很长且看起来完整，没有任何一行异常；只有把两份文件的合计数拿来相减才有信号,① 汇总《采购发票登记簿》本期到票金额 → ② 汇总《存货入库明细》本期入库金额 → ③ 两者差额与《预付账款账龄表》里长期挂账部分比对 → ④ 差额应调整存货与成本,02_业务资料/采购发票登记簿.csv；02_业务资料/存货入库明细表.csv；02_业务资料/预付账款账龄明细表.csv,采购截止与暂估复核：已到票未冲暂估的追踪,cross_purchase_invoice,跨文件求和比对
H02,T2,跨表勾稽,收入与应收,"账龄分布整体下调一档：将 1–2 年的 8,000,000 全部列示为 1 年以内，账龄合计与总账一致，坏账准备少提 4,500,000",4500000,应收账款、信用减值损失,计价与分摊,错报,高,需调整,账龄表合计数与总账应收账款**完全一致**，表面无任何差；只有拿销售台账的『原始赊销日期』逐笔重算账龄，才发现年份归属被改,总额勾稽通过会给出虚假的安心感；必须放弃『总额对得上就没问题』的默认假设，改用原始日期重算明细,① 从《应收账款明细表（按客户）》取每笔赊销的初始确认日期 → ② 按 2025-12-31 重算账龄分档 → ③ 与管理层账龄表逐客户比对 → ④ 按 1 年以内 5% / 1–2 年 30% 重算坏账,02_业务资料/应收账款账龄明细表_管理层编制.csv；02_业务资料/应收账款明细表_按客户.csv,账龄分析：按原始凭证日期独立重算账龄，而非复核管理层账龄表,aging_recompute_strict,不信任汇总数，回原始日期重算
H03,T2,跨表勾稽,固定资产与在建工程,"折旧两个方向同时出错：2 张已提足的卡片仍继续计提（超提 6,032,500），1 张转固后延后 3 个月起提（少提 6,483,750），净影响仅 451,250 元，远低于重要性水平 1,500,000",451250,固定资产、管理费用、营业成本,计价与分摊,错报,中,需调整,"两个方向的错误**互相抵消**，折旧总额只差 451,250 元，远低于重要性水平；只看『本期折旧合计 vs 软件折旧汇总』会直接放行",要求逐张卡片重算，而不是只对合计数；模型的默认路径是核总数,① 取卡片『原值/转固日期/年限/残值率/期初累计折旧』 → ② 逐张重算应有本期折旧，并判断是否已达『应计折旧总额』上限 → ③ 与账面逐张比对 → ④ 分别列示超提与少提,02_业务资料/固定资产卡片明细表.csv,折旧重算：逐张卡片独立重算，含已达折旧上限的资产,dep_recompute_per_card,逐条重算而非核对合计
H04,T2,跨表勾稽,税务与补助,"个人所得税代扣跨主体归属：母公司计提、销售子公司缴纳，两套账各自平衡，但分主体申报表与账面不符 2,300,000",2300000,应交税费、应付职工薪酬,准确性、完整性,错报,低,需调整,合并层面完全抵消，合并报表看不出任何问题；只有**分主体**把申报表与账面对，才发现归属错位,大部分程序默认在合并层面做，跨主体归属类问题天然隐形,① 分主体取《应交税费》个人所得税明细 → ② 与《个人所得税申报缴纳表》分主体比对 → ③ 确认代扣主体与缴纳主体不一致,04_税务资料/应交税费明细表_分主体.csv；04_税务资料/个人所得税申报缴纳表.csv,分主体税费归属核对：申报主体与核算主体一致性,需人工判断,分主体比对 + 意识到合并会掩盖归属问题
H05,T3,比率与结构,存货与成本,"少转主营业务成本：全年按预算成本率结转，Q4 实际成本上升未调整，少转 38,000,000，Q4 毛利率比前三季高 6.8 个百分点",38000000,营业成本、存货,准确、计价,错报,高,需调整,凭证摘要写『按预算成本结转』，是**正常业务语言**；单看每个月都不异常，只有把四个季度的毛利率画成趋势线才看出突变,需要主动做毛利率趋势分析，并知道白酒行业毛利率高度稳定 —— Q4 跳升 6.8pct 在行业内几乎不可能自然发生,① 按季度算综合毛利率与分产品毛利率 → ② 识别 Q4 异常上升 → ③ 用产销量 × 单位成本倒推应有成本 → ④ 与账面结转额比对，求差额,02_业务资料/销售明细_分产品分渠道分地区.csv；02_业务资料/存货收发存明细表.csv；01_账务资料/记账凭证_2025年度明细.csv,分析性程序：毛利率趋势 + 成本倒推（产销量 × 单位成本）,margin_trend,趋势分析 + 行业常识判断异常
H06,T3,比率与结构,存货与成本,"存货跌价准备未计提：周转天数由 210 天升至 340 天，春酿系列滞销，应补提跌价准备 9,600,000",9600000,存货、资产减值损失,计价与分摊,错报,高,需调整,资料包里**没有**『存货跌价测试表』（管理层没做）；信号只存在于收发存明细的期初期末余额与销售数量之间,这不是『翻表发现数字矛盾』，而是**发现该有的表没有**，并用周转率异常反推该提减值,① 用期初/期末存货与营业成本算周转天数 → ② 与上期比对，识别显著上升 → ③ 按库龄与售价测算可变现净值 → ④ 计算应提跌价准备,02_业务资料/存货收发存明细表.csv；02_业务资料/销售明细_分产品分渠道分地区.csv,存货周转分析 + 减值迹象识别 + 独立测算可变现净值,需人工判断,由缺失证据反推 + 周转率分析
H07,T2,跨表勾稽,存货与成本,"暂估应付账款不完整：期末已验收入库但发票未到的采购 3,100,000 未暂估入账，存货与应付账款同时少计",3100000,存货、应付账款,完整性,错报,低,需调整,『货到票未到』在年末是常态，入库单上『对应发票』栏为空不会引起注意；且金额低于重要性水平，需与 H01 合并评价,需要把《存货入库明细》逐笔与《采购发票登记簿》匹配，找出**没有对应发票也未暂估**的入库；单看任一张表都看不出问题,① 取存货入库明细本期全部入库 → ② 逐笔匹配采购发票登记簿 → ③ 筛出无发票且未做暂估的入库 → ④ 按采购合同价暂估应付账款,02_业务资料/存货入库明细表.csv；02_业务资料/采购发票登记簿.csv,采购截止测试：年末货到票未到的暂估完整性,需人工判断,逐笔匹配 + 完整性判断
H08,T3,比率与结构,费用与负债,"12 月市场推广费未计提：全年销售费用率由上年 7.50% 降至 6.96%，而收入增长 12%，少计费用 20,000,000",7400000,销售费用、其他应付款,完整性,错报,中,需调整,凭证与明细都没有异常行；异常是**两个比率同时朝不合逻辑的方向走** （收入涨、费用率反降）,需要同时看收入与费用两个维度并知道它们应当同向变动,① 算销售费用率同比变化（7.50% → 6.96%）→ ② 结合收入增速 12% 判断是否异常 → ③ 检查 12 月费用计提完整性 → ④ 与次年 1 月实际付款比对,02_业务资料/期间费用明细表.csv；01_账务资料/记账凭证_2025年度明细.csv,费用截止测试 + 销售费用率分析,需人工判断,双维度联动分析
H09,T4,准则与行业知识,收入与应收,"售后回购实质为融资：与经销商签订回购协议，销售 120,000,000 元按收入确认，实为以存货质押取得借款",120000000,营业收入、营业成本、存货、短期借款,发生、分类,错报,高,需调整,账务处理与普通销售**完全一致**，出库、开票、收款单据齐全；唯一线索写在《重大合同台账》的『关键条款』里 —— 一行字的回购约定,必须逐份读合同关键条款，并用『控制权是否转移』判断经济实质；账、单、票全齐会让人放松警惕,① 通读重大合同台账的关键条款 → ② 识别回购/保底条款 → ③ 按实质重于形式判断是否满足收入确认条件 → ④ 冲回收入，确认金融负债,02_业务资料/重大销售与采购合同台账.csv；02_业务资料/销售明细_分产品分渠道分地区.csv,收入确认控制权转移测试 + 合同条款实质性分析,需人工判断,研读合同条款 + 实质重于形式判断
H10,T4,准则与行业知识,收入与应收,"代理业务按总额法确认收入：代销 180,000,000 元按总额确认，应为净额法，虚增收入与成本各 180,000,000",180000000,营业收入、营业成本,分类、准确性,错报,中,需调整,毛利率虽低但为正，看起来是一笔『薄利的大生意』，完全合理；线索在合同标题『代理销售协议』与结算条款（按佣金结算）,需要判断主要责任人 vs 代理人，涉及准则第五章的指标应用；并意识到总额法会同时虚增收入成本（毛利率不变）,① 检索标题含『代理/代销/居间』的合同 → ② 检查结算方式（全额还是佣金）→ ③ 判断主要责任人身份 → ④ 按净额法重述,02_业务资料/重大销售与采购合同台账.csv；02_业务资料/销售明细_分产品分渠道分地区.csv,收入确认总额法/净额法判断（主要责任人 vs 代理人）,需人工判断,准则条款应用
H11,T4,准则与行业知识,税务与补助,"白酒消费税从量税额漏计：销售额从价部分申报正确，但从量部分（0.5 元/500ml）漏计 2,900,000",2900000,税金及附加、应交税费,完整性、准确性,错报,中,需调整,《纳税申报与缴纳汇总》的从价税额与收入×20%**完全吻合**，会让人认为税务处理正确；从量税额一栏数字存在但对应数量却在两个关联文件中,需要知道白酒消费税**复合计征**（从价 + 从量）；不知道这点的模型会认为税务合规,① 用销售额 × 20% 复核从价税 → ② 取《产销量明细》的销售数量 → ③ 按 0.5 元/500ml 独立计算从量税 → ④ 与申报的从量税额比对,04_税务资料/纳税申报与缴纳汇总.csv；02_业务资料/产销量与销量明细.csv,消费税复合计征复核（从价 + 从量）,需人工判断,税务行业知识（复合计征）
H12,T4,准则与行业知识,固定资产与在建工程,"窖池折旧年限不当：按 20 年计提，白酒行业窖池实际使用年限 40 年，多提折旧 13,500,000",13490000,固定资产、营业成本,计价与分摊,错报,中,需调整,会计政策附注里**确实披露了**『房屋建筑物 20–40 年、窖池 20 年』，披露是完整的；问题是政策本身不合理,不是披露缺失，而是**会计估计不合理**。需要横向比对同类资产在附注里的年限区间，发现窖池与普通房屋用了同一区间下限,① 取固定资产卡片按资产类别的折旧年限 → ② 比对同类企业惯例/披露的年限区间 → ③ 识别窖池年限异常 → ④ 重算折旧差额,02_业务资料/固定资产卡片明细表.csv；03_治理资料/会计政策与会计估计.md,折旧政策适当性评价（同类资产年限横向比对）,需人工判断,会计估计合理性判断 + 行业惯例
H13,T4,准则与行业知识,费用与负债,"经营租赁未入表：租入仓库与办公场所，年租金合计 9,000,000，未确认使用权资产与租赁负债 45,000,000",38965500,使用权资产、租赁负债、管理费用,完整性、分类,错报,高,需调整,租金按『管理费用–租赁费』正常列支，凭证摘要就写『支付仓库租金』，完全符合旧准则；没有任何『错误』的样子,需要主动意识到新租赁准则（CAS 21 修订）要求承租人统一确认使用权资产，并知道要拿租赁合同算现值,① 检索含『租赁/租入』的合同 → ② 判断是否属短期/低价值豁免 → ③ 按租赁期与增量借款利率计算租赁负债现值 → ④ 补记使用权资产与折旧,02_业务资料/重大销售与采购合同台账.csv；03_治理资料/会计政策与会计估计.md,租赁合同识别与租赁负债折现测算,需人工判断,新准则适用性判断 + 折现计算
H14,T1,规则可检,费用与负债,"小额费用跨期 12 笔：单笔 18,000–62,000，均低于 SAD 限额 75,000，合计 486,000",486000,管理费用、销售费用,截止,错报,低,需调整,分散在 12 张凭证，摘要各不相同（『物料采购』『会务费』『办公用品』…），单笔都在任何人的容忍范围内,难点不在算法，而在**是否想到要做累积**；任何只看单笔重要性的抽样都会全部放行,① 取费用凭证的『单据日期』与『记账日期』 → ② 筛出跨期项 → ③ 单笔虽小但按累计金额评价,01_账务资料/记账凭证_2025年度明细.csv,费用截止测试（含未更正错报累积评价）,expense_cutoff_cumulative,累积评价（SAD 概念）
H15,T1,规则可检,收入与应收,"小额收入跨期 3 笔：合计 1,240,000，出库单日期均在 2026 年 1 月",1240000,营业收入、应收账款,截止,错报,低,需调整,3 笔分散、金额小；与 H14 混在同一批凭证里,需要把『记账日期』与『出库单日期』两个字段交叉，而不是只看摘要,① 取收入凭证与出库单日期 → ② 比对识别跨期 → ③ 累积评价,01_账务资料/记账凭证_2025年度明细.csv；02_业务资料/销售明细_分产品分渠道分地区.csv,收入截止测试,sales_cutoff_cumulative,跨界字段交叉
H16,T1,规则可检,存货与成本,"固定资产盘亏未处理：盘点盘亏设备 420,000 元，仍挂账固定资产",420000,固定资产、营业外支出,存在,错报,低,需调整,"盘点表与卡片表**都在**，但盘点表放在『其他资料』而不是固定资产资料里；差额只有 420,000",需要主动关联两份文件并信盘点结果而非卡片；金额小、位置偏，容易被跳过,① 关联固定资产盘点表与卡片明细 → ② 按资产编号求差集 → ③ 识别盘亏 → ④ 转销账面价值,02_业务资料/固定资产卡片明细表.csv；06_其他资料/年末资产盘点表.csv,固定资产监盘：盘点表与账面卡片核对,fa_count_diff,跨目录关联证据
H17,T4,准则与行业知识,披露与列报,"受限资产未披露：以 200,000,000 元应收账款作为银行借款质押，附注未披露所有权受限情况",200000000,附注：货币资金/应收账款,披露完整性,披露不充分,高,仅披露,借款合同与质押清单都完整归档在『银行资料』里，账务处理也正确；**唯一的问题是没有写进附注**,账没错、单没错，错在『没说的话』；需要对照披露清单逐项核对，并有『受限资产必须披露』的先验,① 从借款合同/质押清单识别受限资产 → ② 检查附注是否披露 → ③ 确认披露缺口,05_银行资料/借款合同与质押清单.csv；06_其他资料/财务报表附注（未审）.md,受限资产核查与披露完整性检查,需人工判断,披露完整性核对
H18,T4,准则与行业知识,披露与列报,"对外担保未披露：为关联方黔岭物流提供借款担保 120,000,000，或有事项附注未披露",120000000,附注：或有事项,披露完整性,披露不充分,高,仅披露,担保决议写在董事会决议**第 4 条**、夹在两页中间，措辞平淡，不带任何数字标题,需要通读全部决议文本并抽取担保事项，而非检索关键词；表述用的是『提供增信支持』,① 通读董事会决议全文 → ② 抽取担保/增信事项 → ③ 核对或有事项附注 → ④ 确认为披露遗漏,03_治理资料/董事会决议汇编_2025.md；06_其他资料/财务报表附注（未审）.md,或有事项完整性检查 + 决议穿透,需人工判断,非结构化文本要点抽取
H19,T5,职业判断与沟通,披露与列报,"重大诉讼一审已败诉：判赔 25,000,000，管理层认为将上诉故未计提未披露",25000000,预计负债、营业外支出、附注,完整性、披露,披露不充分,高,仅披露,诉讼材料在『其他资料』里以『法律事项说明』为名，正文把败诉写成『一审结果将于上诉后确定』,需要读到判决书的实质结论，并判断败诉后上诉**不改变现时义务的存在**；涉及法务判断,① 通读法律事项说明 → ② 识别一审败诉事实与金额 → ③ 按或有事项准则评价（败诉 + 金额可靠计量 → 应确认预计负债并披露）,06_其他资料/法律事项说明.md,或有事项评价 + 律师函/判决书核实,需人工判断,法律事项会计判断
H20,T5,职业判断与沟通,披露与列报,"资产负债表日后重大投资未披露：2026-02 完成 620,000,000 元并购，未作为日后非调整事项披露",620000000,附注：资产负债表日后事项,披露完整性,披露不充分,中,仅披露,并购信息出现在『总经理办公会纪要』而非董事会决议，且表述为『项目交割完成』,需要判断该事项属重大非调整事项，并知道披露门槛；信息藏在对审计最不显眼的会议纪要里,① 通读办公会纪要与期后事项说明 → ② 识别重大期后事项 → ③ 核对附注披露 → ④ 评价其是否影响报表使用者决策,03_治理资料/总经理办公会纪要_2026Q1.md；06_其他资料/财务报表附注（未审）.md,期后事项识别与披露判断（调整 / 非调整）,需人工判断,期后事项分类判断
H21,T4,准则与行业知识,披露与列报,客户集中度风险未披露：前五名客户销售占比 68%，接近单一客户依赖，附注仅列示金额未提示风险,0,附注：收入与客户,披露完整性,披露不充分,中,仅披露,附注**已经列了**前五名客户的金额，看起来披露是完整的；缺的是『风险提示』这个判断性表述,这是『披露了数据但没披露判断』的类型；模型容易把有数字当成已披露,① 算前五名客户占比 → ② 核对附注是否提示集中度风险 → ③ 判断是否达到应提示的程度,02_业务资料/主要客户清单_前五名.csv；06_其他资料/财务报表附注（未审）.md,客户集中度分析与披露充分性评价,需人工判断,披露充分性（而非完整性）判断
H22,T5,职业判断与沟通,银行与资金,"体外循环迹象：3 笔经销商货款 18,000,000 经员工个人账户收取，未进入公司银行账户，账面记作已收现",18000000,货币资金、应收账款,存在、完整性,舞弊,高,需调整,账面收款凭证齐全、摘要正常；差异只存在于**银行对账单**里 —— 对账单上没有这三笔入账，而账面日记账有,需要把日记账与对账单逐笔匹配（而非只看余额调节），并认识到『账上收了钱、银行没有』是舞弊红旗而非普通未达账项,① 日记账 vs 对账单逐笔匹配 → ② 提取账面有、银行无的收款项 → ③ 访谈出纳、检查个人账户流水 → ④ 评价是否构成舞弊,05_银行资料/银行存款日记账_202512.csv；05_银行资料/银行对账单_202512.csv,银行流水双向核对 + 舞弊风险应对（个人账户收款）,bank_two_way,红旗识别与舞弊推理
H23,T5,职业判断与沟通,银行与资金,出库单连号缺失：出库单号连续区间 5000001–5000100，归档仅 87 张，缺 13 张且集中于 Q4,0,营业收入（真实性）,发生、完整性,舞弊,中,无需调整（记录内控）,没有任何金额异常；异常在于**单据编号的连续性** —— 这需要主动去查编号区间，而非查金额,是『证据链完整性』问题，不是金额问题；程序里没有任何一条会去统计单据编号连续性,① 取全部出库单号 → ② 计算编号区间与实有张数 → ③ 定位缺失号段 → ④ 向客户/仓库追查缺失单据,02_业务资料/销售出库单清单.csv,单据连续性检查 + 原始凭证完整性,doc_sequence,从编号连续性发现缺失
H24,T5,职业判断与沟通,关联方,"多层穿透关联方：交易对象『黔岭供应链管理有限公司』由董事配偶通过持股 55% 的中间公司间接控制，交易额 26,000,000，未作关联方披露",26000000,营业成本、关联方附注,披露完整性,披露不充分,高,仅披露,工商信息给的是单层股权，董事配偶不在股东名单上；必须**穿透两层**（董事配偶 → 中间公司 → 供应链公司）才现形,需要主动做股权穿透并关联到关键管理人员近亲属；且中间公司的名称与主业完全无关（『投资管理』），不提供任何暗示,① 取主要供应商名单 → ② 逐户查工商股权结构 → ③ 与关键管理人员及其近亲属交叉匹配 → ④ 穿透至实际控制人,02_业务资料/主要供应商及付款流水.csv；03_治理资料/组织架构与关键管理人员.md；06_其他资料/工商登记资料摘录.md,关联方穿透识别（股权 + 关键管理人员近亲属）,需人工判断,多跳推理（股权穿透）
