相对路径,字节,sha256
01-报告/AI组网Demo-全链路功能验证报告-20260911.md,38246,74051f53a98ff667a9a42b0889c0a4e4f8a9c0a87a17b66bf4d36b732eb644f1
01-报告/修复验证与测试指引-20260912.md,9290,1ad3b6f100e2ef44b0ce2334610465778712cd75dabe5a63d96fc10611da41c0
02-运行日志/demo-运行输出-UTF8-20260912-095420.log,5069,6da9444134ba2f1116aeada2c40d6e3006f86c48d265f6df42b7079855aaa7ee
03-证据产物/grouping-business-evidence.json,117676,8de427324fb13592c2c5ed534fb6301f3663b98dd57edeebb4cc2fcc03fa31c5
03-证据产物/证据包-zip/0fcf2bc1-e33c-407e-8139-d65b49eabef8.zip,4615,ce7734ea6c16dfa773c2240f2d70eb9ae13a9cf52ae06e3ab93b80d86b10784c
03-证据产物/证据包-zip/3313a913-11b3-47bf-baaf-deb7fd182aa2.zip,4864,f10b21c6cef6562d290c242492d716ee315c63f742a0c5d9e89471fce7b1913a
03-证据产物/证据包-zip/3b6667c3-b644-43c0-8b4a-b64f8236efac.zip,5143,40323485ec722f73dfc685d45a331e88d233d9cff9ccbfb7f0100238dd08ee70
03-证据产物/证据包-zip/43cffa12-41df-4f79-bd95-4cf0274f7546.zip,4616,d80e3440fb080847d4cf4ca58666f5369bcc88ac9fea6846edac5acb8d63b1c5
03-证据产物/证据包-zip/59fc49da-3123-4d3e-a7a5-69e8d1943a9c.zip,4886,f2b3134e35e0ca5f920a301c4e17334606a475d38cc42d671da88c82cac1ca6b
03-证据产物/证据包-zip/6135885f-d65c-4a33-838a-d6b8bf80e0ff.zip,4885,91a60808249ce49a29de58504a71f1ade9eb05ef189f1edaee269c801f0188a4
03-证据产物/证据包-zip/8cbb3b4f-718f-40f6-ab07-02701a49b8b3.zip,4897,4b9515243db1c0a4b28df421bfc8d164502cada457217f3d200f0d1abff1f997
03-证据产物/证据包-zip/bf2497d6-ab2d-44dc-817e-3ec749888199.zip,4621,4d5f9cfcb91d771ce1d91c3543992af6914360d74438b45d88cfa39c00b45f11
03-证据产物/证据包-zip/eeff98d1-3305-4e39-acf8-fbd93367ce0e.zip,4866,5723d3a11cabf545644fd5adac5a661f41d5707a3fff5525c57acca5a521eb86
03-证据产物/证据包-zip/f38c4b48-2830-4cea-8615-bb441e9cbf68.zip,4863,d23ab6d1884fc989aa489b63f18ad2ef33d46017929bbaee95a3c92adeed4920
04-中间数据/grouping-business-evidence.json,117676,8de427324fb13592c2c5ed534fb6301f3663b98dd57edeebb4cc2fcc03fa31c5
04-中间数据/节点产物/demo-338532a4/consumer-x/backtest-037f4998adfe37e2.json,750,037f4998adfe37e2fc061b057f88284051ebf0cd5fbbe239c6e78cad66e932cd
04-中间数据/节点产物/demo-338532a4/consumer-x/output-evaluation-a6c0b4ba0d09f6fc.json,1215,a6c0b4ba0d09f6fca1e8524acd96465ca915b839cf275c2b7e18fce025e34da7
04-中间数据/节点产物/demo-338532a4/ledger-a/output-candidates-efa1f357965be17d.json,3427,efa1f357965be17d691a190ee1674f4ea443e72414f52bab4e4957c963da1977
04-中间数据/节点产物/demo-3e2b11be/consumer-x/backtest-6d42d4e630509d52.json,717,6d42d4e630509d52fb7310022e8cfa703bf7f837b46999ba34c2d5f824e79326
04-中间数据/节点产物/demo-3e2b11be/consumer-x/output-evaluation-c620e0e21184e6d4.json,1183,c620e0e21184e6d4d91d56e0a772c038e1fc467e2f15342ee4e853a313d0c59c
04-中间数据/节点产物/demo-3e2b11be/ledger-a/output-candidates-efa1f357965be17d.json,3427,efa1f357965be17d691a190ee1674f4ea443e72414f52bab4e4957c963da1977
04-中间数据/节点产物/demo-41f6676f/consumer-x/backtest-6d42d4e630509d52.json,717,6d42d4e630509d52fb7310022e8cfa703bf7f837b46999ba34c2d5f824e79326
04-中间数据/节点产物/demo-41f6676f/consumer-x/output-evaluation-c620e0e21184e6d4.json,1183,c620e0e21184e6d4d91d56e0a772c038e1fc467e2f15342ee4e853a313d0c59c
04-中间数据/节点产物/demo-41f6676f/ledger-a/output-candidates-338fd12418b109f8.json,2346,338fd12418b109f8ff9a4b0913635b55cc049ba63db34dd325047b02ff35d185
04-中间数据/节点产物/demo-6b437820/consumer-x/backtest-6d42d4e630509d52.json,717,6d42d4e630509d52fb7310022e8cfa703bf7f837b46999ba34c2d5f824e79326
04-中间数据/节点产物/demo-6b437820/consumer-x/output-evaluation-c620e0e21184e6d4.json,1183,c620e0e21184e6d4d91d56e0a772c038e1fc467e2f15342ee4e853a313d0c59c
04-中间数据/节点产物/demo-6b437820/ledger-a/output-candidates-338fd12418b109f8.json,2346,338fd12418b109f8ff9a4b0913635b55cc049ba63db34dd325047b02ff35d185
04-中间数据/节点产物/demo-848e1d07/consumer-x/backtest-6d42d4e630509d52.json,717,6d42d4e630509d52fb7310022e8cfa703bf7f837b46999ba34c2d5f824e79326
04-中间数据/节点产物/demo-848e1d07/consumer-x/output-evaluation-c620e0e21184e6d4.json,1183,c620e0e21184e6d4d91d56e0a772c038e1fc467e2f15342ee4e853a313d0c59c
04-中间数据/节点产物/demo-848e1d07/ledger-a/output-candidates-338fd12418b109f8.json,2346,338fd12418b109f8ff9a4b0913635b55cc049ba63db34dd325047b02ff35d185
04-中间数据/节点产物/demo-da2cb68f/consumer-x/backtest-037f4998adfe37e2.json,750,037f4998adfe37e2fc061b057f88284051ebf0cd5fbbe239c6e78cad66e932cd
04-中间数据/节点产物/demo-da2cb68f/consumer-x/output-evaluation-a6c0b4ba0d09f6fc.json,1215,a6c0b4ba0d09f6fca1e8524acd96465ca915b839cf275c2b7e18fce025e34da7
04-中间数据/节点产物/demo-da2cb68f/ledger-a/output-candidates-efa1f357965be17d.json,3427,efa1f357965be17d691a190ee1674f4ea443e72414f52bab4e4957c963da1977
04-中间数据/节点产物/demo-de9b97db/consumer-x/backtest-6d42d4e630509d52.json,717,6d42d4e630509d52fb7310022e8cfa703bf7f837b46999ba34c2d5f824e79326
04-中间数据/节点产物/demo-de9b97db/consumer-x/output-evaluation-c620e0e21184e6d4.json,1183,c620e0e21184e6d4d91d56e0a772c038e1fc467e2f15342ee4e853a313d0c59c
04-中间数据/节点产物/demo-de9b97db/ledger-a/output-candidates-efa1f357965be17d.json,3427,efa1f357965be17d691a190ee1674f4ea443e72414f52bab4e4957c963da1977
04-中间数据/节点产物/demo-defa6be8/consumer-x/backtest-6d42d4e630509d52.json,717,6d42d4e630509d52fb7310022e8cfa703bf7f837b46999ba34c2d5f824e79326
04-中间数据/节点产物/demo-defa6be8/consumer-x/output-evaluation-c620e0e21184e6d4.json,1183,c620e0e21184e6d4d91d56e0a772c038e1fc467e2f15342ee4e853a313d0c59c
04-中间数据/节点产物/demo-defa6be8/ledger-a/output-candidates-338fd12418b109f8.json,2346,338fd12418b109f8ff9a4b0913635b55cc049ba63db34dd325047b02ff35d185
04-中间数据/节点产物/demo-f1a9e446/consumer-x/backtest-037f4998adfe37e2.json,750,037f4998adfe37e2fc061b057f88284051ebf0cd5fbbe239c6e78cad66e932cd
04-中间数据/节点产物/demo-f1a9e446/consumer-x/output-evaluation-a6c0b4ba0d09f6fc.json,1215,a6c0b4ba0d09f6fca1e8524acd96465ca915b839cf275c2b7e18fce025e34da7
04-中间数据/节点产物/demo-f1a9e446/ledger-a/output-candidates-efa1f357965be17d.json,3427,efa1f357965be17d691a190ee1674f4ea443e72414f52bab4e4957c963da1977
04-中间数据/节点产物/demo-fc8ad6a7/consumer-x/backtest-6d42d4e630509d52.json,717,6d42d4e630509d52fb7310022e8cfa703bf7f837b46999ba34c2d5f824e79326
04-中间数据/节点产物/demo-fc8ad6a7/consumer-x/output-evaluation-c620e0e21184e6d4.json,1183,c620e0e21184e6d4d91d56e0a772c038e1fc467e2f15342ee4e853a313d0c59c
04-中间数据/节点产物/demo-fc8ad6a7/ledger-a/output-candidates-efa1f357965be17d.json,3427,efa1f357965be17d691a190ee1674f4ea443e72414f52bab4e4957c963da1977
04-中间数据/节点产物/plan-ledger-quality-audit-and-evaluate/finding-draft-001/output-finding-draft-a7c391751c979656.json,1850,a7c391751c979656f679cf8d9864d1d0ca6097c48d2a0df59888094317e2b510
04-中间数据/节点产物/plan-ledger-quality-audit-and-evaluate/ledger-validate-001/output-audit-quality-candidates-efa1f357965be17d.json,3427,efa1f357965be17d691a190ee1674f4ea443e72414f52bab4e4957c963da1977
04-中间数据/节点产物/verify-85c5d7eb/consumer-x/backtest-6d42d4e630509d52.json,717,6d42d4e630509d52fb7310022e8cfa703bf7f837b46999ba34c2d5f824e79326
04-中间数据/节点产物/verify-85c5d7eb/consumer-x/output-evaluation-c620e0e21184e6d4.json,1183,c620e0e21184e6d4d91d56e0a772c038e1fc467e2f15342ee4e853a313d0c59c
04-中间数据/节点产物/verify-85c5d7eb/ledger-a/output-candidates-efa1f357965be17d.json,3427,efa1f357965be17d691a190ee1674f4ea443e72414f52bab4e4957c963da1977
04-中间数据/节点产物/verify-c6aaa20c/backtest-eval-001/backtest-6d42d4e630509d52.json,717,6d42d4e630509d52fb7310022e8cfa703bf7f837b46999ba34c2d5f824e79326
04-中间数据/节点产物/verify-c6aaa20c/backtest-eval-001/output-evaluation-c620e0e21184e6d4.json,1183,c620e0e21184e6d4d91d56e0a772c038e1fc467e2f15342ee4e853a313d0c59c
04-中间数据/节点产物/verify-c6aaa20c/ledger-validate-001/output-candidates-efa1f357965be17d.json,3427,efa1f357965be17d691a190ee1674f4ea443e72414f52bab4e4957c963da1977
04-中间数据/运行日志spool/archive/demo-business-worker/e1/demo-business-worker-e1-s0001.jsonl.gz,393,7296da1f3a2d47b323395ccedd59395a6cf1aa09aae6475c721ec3ecb34f6541
04-中间数据/运行日志spool/manifest.jsonl,2632,5713940b5dc6d59221b95bf1f3c1cae500b33c548cc7150d179f4a8cdc662959
04-中间数据/运行日志spool/seals/demo-business-worker/e1.json,162,184a3e291418becc37be4a3432245f29074cba0ca49273304afe358c0fe38bf2
05-数据库原始记录/run-3b6667c3-AI真实组网成功(plan-ledger-quality-audit-and-evaluate).json,4978,c42d2d3715819ae4d95f04a6e08d7cbae06281342f7c92ff173e9ce0c6da949d
"05-数据库原始记录/run-59fc49da-09-12-0954-回退(密钥缺失,UTF8).json",4742,dc64bc8bd0f0b2c35fb17712455110eb476e3a662a03a5c8ec0fad8e929f2807
05-数据库原始记录/run-6135885f-09-12-0952-回退(密钥缺失).json,4737,a020368cc1229454354b8f5cfbeac1396bbf69a86faa37d7901b55126c1f822f
05-数据库原始记录/run-8cbb3b4f-09-11-2003-确定性回退.json,4732,54c7a559ca72b2354a4b368fbea3eb13b2f9db65daf59b4c04bf8d7e46f72bb9
05-数据库原始记录/runs-总览.csv,5497,143e85fd4615e61178e7c157e8f746ad380413046c1ac4900594e6c4255e87d0
README.md,5546,71a56e8d0ee1cd58e491450932059b73a53e7c940b2c09e003ce5a53703b50ad
