会计主体,存货类别,期初余额,本期入库,本期出库(台账),期末结存(台账),期末结存(财务账)
黔岭酒业股份有限公司,原材料,160000000.00,1047200000.00,960000000.00,247200000.00,247200000.00
黔岭酒业股份有限公司,在产品,420000000.00,1503916666.66,1086000000.00,837916666.66,837916666.66
黔岭酒业股份有限公司,库存商品,520000000.00,1086000000.00,1344000000.00,262000000.00,262000000.00
黔岭销售有限公司,原材料,0.00,0.00,0.00,0.00,0.00
黔岭销售有限公司,在产品,0.00,0.00,0.00,0.00,0.00
黔岭销售有限公司,库存商品,160000000.00,1200000000.00,1218356656.00,141643344.00,179643344.00
黔岭酒类包装有限公司,原材料,24000000.00,96000000.00,92000000.00,28000000.00,28000000.00
黔岭酒类包装有限公司,在产品,0.00,160410000.00,158000000.00,2410000.00,2410000.00
黔岭酒类包装有限公司,库存商品,18000000.00,158000000.00,134400000.00,41600000.00,41600000.00
