序号,供应商名称,交易类型,本期交易金额,付款方式,是否关联方（管理层口径）,工商与人员核查备注
1,红缨子高粱种植合作社,采购原辅料,"402,000,000.00",银行转账,否,—
2,能源供应商,水电燃气,"112,000,000.00",银行转账,否,—
3,黔岭酒类包装有限公司,采购包装材料,"260,000,000.00",银行转账,是,控股子公司
4,包材原料供应商,采购原料,"96,000,000.00",银行转账,否,—
5,黔岭物流有限公司,货物运输服务,"42,000,000.00",银行转账,否,★ 法定代表人周某某，系本公司董事周某之弟；管理层漏报为关联方
6,品牌广告服务商,广告制作费,"15,000,000.00",银行转账,否,—
7,某企业管理咨询有限公司,管理咨询服务费,"12,000,000.00",银行转账,否,★ 成立日期 2025-09-10（交易前不足 3 个月）；无书面合同、无成果交付物；注册地址与本公司办公地址同楼（E31）
8,红缨子高粱种植合作社,★ 年度返还款（应冲减成本）,"★ -36,000,000.00",银行转账,否,★ 返还款未冲减营业成本，而是挂账其他应付款（E02）
9,其他（无票据）,★ 管理咨询协调费（白条入账）,"8,600,000.00",现金/转账,否,★ 无发票，以内部签批单列账（E05）
