run_id,plan_key,started_at,attempts,succeeded
59fc49da-3123-4d3e-a7a5-69e8d1943a9c,demo-338532a4,2026-09-12 09:54:32.541247+08:00,2,2
6135885f-d65c-4a33-838a-d6b8bf80e0ff,demo-da2cb68f,2026-09-12 09:52:54.276422+08:00,2,2
85e8615d-326f-41ac-bb56-fd0f7220d4db,plan-../../../../pwned,2026-09-12 09:48:15.265409+08:00,2,0
286d9e7f-af98-44ec-a9dc-5a765a50a562,plan-9ce8622ae06e,2026-09-12 09:48:14.841524+08:00,2,0
b0620e1a-2d46-4644-a475-70d0166c59c4,plan-6f1fd374f17e,2026-09-12 09:48:14.419995+08:00,2,0
16fe0d82-d1ac-40f6-beef-b538538b15f0,plan-../../../../pwned,2026-09-11 23:05:08.869903+08:00,2,0
aca43bf3-1c3e-4dc3-b8ec-23f110bb115e,plan-a6477a796680,2026-09-11 23:05:08.287582+08:00,2,0
ce531b80-49bb-4bdc-a386-7dcffa468880,plan-cb894ee05c40,2026-09-11 23:05:07.644014+08:00,2,0
da489cf0-1776-4aae-9254-16569904e1d0,cw6-8b9faa3e,2026-09-11 23:04:15.363488+08:00,2,2
7650e62d-7c04-43fd-91ad-7e74b1797ab7,cw6-c91b6b40,2026-09-11 23:04:13.962434+08:00,2,2
9f8b2c4a-58a7-42d5-8bec-3a7dab3557a5,cw6-38de28a8,2026-09-11 23:04:13.111744+08:00,2,2
d2c5cc58-bd89-41e7-9e05-4da8559b769f,plan-ai-570ec3d4,2026-09-11 23:04:00.968136+08:00,2,2
27ecee63-96b4-4e67-8a8d-b2c2c3315605,cw4-c583827f,2026-09-11 23:03:59.604987+08:00,4,4
fd733b01-eb2b-46ae-886a-97aa49716f50,cw4-52435f9c,2026-09-11 23:03:57.626603+08:00,4,4
36f40ecf-e415-49c1-ad24-b4d74fca3ebd,cw4-0a0441fb,2026-09-11 23:03:55.867320+08:00,4,4
37302e02-fb46-42d1-9957-1b06d4f749bd,cw3-budget-be32fd0e,2026-09-11 23:03:55.130311+08:00,2,0
1e6e71e9-3a31-4c33-84eb-56d2a9349377,cw3-trace,2026-09-11 23:03:54.671110+08:00,2,0
3b1e1b0e-3dc9-4b84-a36b-b2ec83ba4def,cw3-kill,2026-09-11 23:03:54.253758+08:00,2,0
f980f461-8124-4b50-85e7-7ad4f82ea384,cw3-dup,2026-09-11 23:03:53.970490+08:00,1,0
81eff238-9e16-4c6f-99f1-fe7265b03c3c,cw3-fence,2026-09-11 23:03:53.595516+08:00,1,0
cd9ae4c8-461d-4815-a341-2863c0859ed1,cw3-cf20daf2,2026-09-11 23:03:52.562702+08:00,4,4
158fbda4-fc3d-41a5-a9c1-cc93964a76f9,plan-audit-chain-88ebd1f0,2026-09-11 23:03:04.576391+08:00,6,6
c79cca60-2900-4037-93e5-7eac871cd26c,plan-audit-foundation-255f3cb5,2026-09-11 23:03:03.625604+08:00,3,3
806c2693-61a2-486c-9286-38486033f9ac,plan-ai-direct-515052e4,2026-09-11 23:02:54.659445+08:00,2,2
3314bd62-aa86-4ef9-9dc6-5a1c2e59235f,plan-../../../../pwned,2026-09-11 22:10:22.671773+08:00,2,0
2b2dc88e-c0f2-4e19-8127-85123a2b56e8,plan-b6da1ba120a9,2026-09-11 22:10:22.315877+08:00,2,0
8652cc82-ed71-46a3-8ee3-0fb62b2509bc,plan-3e6446accf9f,2026-09-11 22:10:21.848679+08:00,2,0
9ef25625-a02e-48e2-b365-47c42222c663,cw6-523da81f,2026-09-11 22:09:39.040630+08:00,2,2
f1a2ba29-f289-40e5-8f95-df4e48637cf7,cw6-657e3876,2026-09-11 22:09:37.832616+08:00,2,2
033f4c73-b3fe-4fe0-b881-7013ae9a11d0,cw6-17444ac3,2026-09-11 22:09:36.976281+08:00,2,2
e2a63b50-0295-4deb-9b55-71260430da11,plan-ai-420d0261,2026-09-11 22:09:24.733613+08:00,2,2
7a5855c2-9e64-4994-9102-e411c6d3a569,cw4-d74cac5e,2026-09-11 22:09:23.289135+08:00,4,4
9b77bc15-88e9-4473-9f84-3aec768bb94c,cw4-a6e53657,2026-09-11 22:09:21.441185+08:00,4,4
2cdbeaa7-d8ff-4adb-9405-a02606d54337,cw4-6d6067bf,2026-09-11 22:09:19.846634+08:00,4,4
0934be46-fe03-4bb5-a606-95f0e733b917,cw3-budget-03a40ca6,2026-09-11 22:09:19.187789+08:00,2,0
82d3d652-9f68-48cf-b8b1-24915db67769,cw3-trace,2026-09-11 22:09:18.788523+08:00,2,0
17f0c32e-9cb3-48f9-be4e-00e6c6305a7f,cw3-kill,2026-09-11 22:09:18.358739+08:00,2,0
a5e47cc1-adcf-438b-a0a6-c590db9c98dc,cw3-dup,2026-09-11 22:09:18.095306+08:00,1,0
70917b8d-466b-44ad-8e10-d4c36defdee5,cw3-fence,2026-09-11 22:09:17.742414+08:00,1,0
c2e1f2d7-f568-467b-b6b7-711c858e5b71,cw3-4c66e2e7,2026-09-11 22:09:16.749661+08:00,4,4
3a0af9fb-8560-470e-ad0d-a1766a555705,plan-audit-chain-2cb8b51c,2026-09-11 22:08:26.249619+08:00,6,6
765dcf49-34d0-4af9-9795-5adc8a7ced97,plan-audit-foundation-b7c13cb8,2026-09-11 22:08:24.808430+08:00,3,3
a1eabc8b-7915-4b72-9d23-338c1634a111,plan-ai-direct-fefb04fa,2026-09-11 22:08:13.686161+08:00,2,2
1a6ecc1d-8880-447c-af27-42ec89b62573,plan-../../../../pwned,2026-09-11 21:12:25.017439+08:00,2,0
702e675e-1bfd-4636-bfbb-75cb0220c9bc,plan-304a68eda265,2026-09-11 21:12:24.660176+08:00,2,0
09302236-9458-44e6-9fa0-a6ee4f5b0ced,plan-92479d0d671d,2026-09-11 21:12:24.157954+08:00,2,0
c4626f70-9b73-4f9d-ab7a-a6a21fcce394,cw6-dedf837b,2026-09-11 21:11:39.844158+08:00,2,2
00d20f24-c836-4cfc-9f0d-924f841e9578,cw6-f00dce33,2026-09-11 21:11:38.540238+08:00,2,2
33620f06-a88c-41e8-99e9-3a09d37a6c89,cw6-a0cc67a8,2026-09-11 21:11:37.493951+08:00,2,2
fcfc0be6-9614-49b5-b3f6-e331c19a12b0,plan-ai-5b1ea791,2026-09-11 21:11:25.307989+08:00,2,2
66622cec-f342-495b-b52e-bc7e39d0a64a,cw4-cf43b47a,2026-09-11 21:11:23.748065+08:00,4,4
da933ba5-72b3-495e-8562-5d61b6d64fd0,cw4-0389cebc,2026-09-11 21:11:21.349413+08:00,4,4
8a379fd4-68db-4863-b032-4883bcd1c873,cw4-e300b98d,2026-09-11 21:11:19.936906+08:00,4,4
846109c9-5851-4f31-a24e-66eda7d8a835,cw3-budget-d7d34dac,2026-09-11 21:11:19.206646+08:00,2,0
b25a3e0d-f93c-40c5-ae40-7d76c298f84d,cw3-trace,2026-09-11 21:11:18.734405+08:00,2,0
527c3116-36cd-4411-afd0-4ae0a912c9b0,cw3-kill,2026-09-11 21:11:18.267645+08:00,2,0
f5533c07-f808-4110-b5e9-6a7c7aace24d,cw3-dup,2026-09-11 21:11:18.007700+08:00,1,0
34acff41-b6ce-4b83-ac46-d1a430182a6a,cw3-fence,2026-09-11 21:11:17.640617+08:00,1,0
95b3301c-361b-41e8-ab58-19b43344897a,cw3-b125eacf,2026-09-11 21:11:16.583793+08:00,4,4
37f4eef2-94f8-4884-8085-47230eadd047,plan-audit-chain-7543976a,2026-09-11 21:09:55.080391+08:00,6,6
