node_instance_id,capability,plugin_id,status,created_at,finished_at,error_kind,error_message,output_refs
asset-check-001,audit.field.asset-check,audit.field.asset-check,succeeded,2026-09-12 11:33:38.748336+08:00,2026-09-12 11:33:38.907523+08:00,,,"{'asset-result': {'uri': 'file:///D:/pythonpro/audit_network/docs/%E5%85%A8%E6%B5%81%E7%A8%8B%E8%BF%90%E8%A1%8C%E6%97%A5%E5%BF%97-20260912/12-%E6%9C%AC%E6%AC%A1%E8%BF%90%E8%A1%8C%E4%BA%A7%E7%89%A9/chains/plan-ai-fund-fraud-100/asset-check-001/output-asset-result-85d408a9a9382187.json', 'sha256': '85d408a9a938218779381555120a55cd1dbffbff34334e93acbe73328f522035', 'size_bytes': 473}}"
audit-log-001,audit.field.audit-log,audit.field.audit-log,succeeded,2026-09-12 11:33:38.966552+08:00,2026-09-12 11:33:39.101870+08:00,,,"{'audit-log-set': {'uri': 'file:///D:/pythonpro/audit_network/docs/%E5%85%A8%E6%B5%81%E7%A8%8B%E8%BF%90%E8%A1%8C%E6%97%A5%E5%BF%97-20260912/12-%E6%9C%AC%E6%AC%A1%E8%BF%90%E8%A1%8C%E4%BA%A7%E7%89%A9/chains/plan-ai-fund-fraud-100/audit-log-001/output-audit-log-set-3782d9454d927376.json', 'sha256': '3782d9454d92737636a34d7452e28b1931b5aecab2648879afb7c2fb3bcafede', 'size_bytes': 735}}"
biz-standardize-001,audit.foundation.biz-standardize,audit.foundation.biz-standardize,succeeded,2026-09-12 11:33:39.149277+08:00,2026-09-12 11:33:39.279019+08:00,,,"{'standard-biz-set': {'uri': 'file:///D:/pythonpro/audit_network/docs/%E5%85%A8%E6%B5%81%E7%A8%8B%E8%BF%90%E8%A1%8C%E6%97%A5%E5%BF%97-20260912/12-%E6%9C%AC%E6%AC%A1%E8%BF%90%E8%A1%8C%E4%BA%A7%E7%89%A9/chains/plan-ai-fund-fraud-100/biz-standardize-001/output-standard-biz-set-f2153b6f959f08bc.json', 'sha256': 'f2153b6f959f08bc086f66e6914a74dcfcba55f392d7159b379004dfa3e71bb2', 'size_bytes': 435}}"
confirm-letter-001,audit.field.confirm-letter,audit.field.confirm-letter,succeeded,2026-09-12 11:33:39.327151+08:00,2026-09-12 11:33:39.458740+08:00,,,"{'confirm-result': {'uri': 'file:///D:/pythonpro/audit_network/docs/%E5%85%A8%E6%B5%81%E7%A8%8B%E8%BF%90%E8%A1%8C%E6%97%A5%E5%BF%97-20260912/12-%E6%9C%AC%E6%AC%A1%E8%BF%90%E8%A1%8C%E4%BA%A7%E7%89%A9/chains/plan-ai-fund-fraud-100/confirm-letter-001/output-confirm-result-74b01a21a00e76fb.json', 'sha256': '74b01a21a00e76fbbda1ff9896af177afe1e34c6fee4bece4da088c27000bd33', 'size_bytes': 726}}"
cross-dept-inquiry-001,audit.field.cross-dept-inquiry,audit.field.cross-dept-inquiry,succeeded,2026-09-12 11:33:39.506813+08:00,2026-09-12 11:33:39.637459+08:00,,,"{'inquiry-result': {'uri': 'file:///D:/pythonpro/audit_network/docs/%E5%85%A8%E6%B5%81%E7%A8%8B%E8%BF%90%E8%A1%8C%E6%97%A5%E5%BF%97-20260912/12-%E6%9C%AC%E6%AC%A1%E8%BF%90%E8%A1%8C%E4%BA%A7%E7%89%A9/chains/plan-ai-fund-fraud-100/cross-dept-inquiry-001/output-inquiry-result-0a29a2f8d5780b8f.json', 'sha256': '0a29a2f8d5780b8fe2364faff217ddc862b3d42c73470cc88287148a3e3ca622', 'size_bytes': 1000}}"
data-encrypt-001,audit.foundation.data-encrypt,audit.foundation.data-encrypt,succeeded,2026-09-12 11:33:39.686414+08:00,2026-09-12 11:33:39.840712+08:00,,,"{'encrypted-ref': {'uri': 'file:///D:/pythonpro/audit_network/docs/%E5%85%A8%E6%B5%81%E7%A8%8B%E8%BF%90%E8%A1%8C%E6%97%A5%E5%BF%97-20260912/12-%E6%9C%AC%E6%AC%A1%E8%BF%90%E8%A1%8C%E4%BA%A7%E7%89%A9/chains/plan-ai-fund-fraud-100/data-encrypt-001/output-encrypted-ref-12cbf0e6bc264459.json', 'sha256': '12cbf0e6bc2644590eea5ce076fdc73097a1de12cb6561672c8af61ca8922ecd', 'size_bytes': 424}}"
data-mask-001,audit.foundation.data-mask,audit.foundation.data-mask,succeeded,2026-09-12 11:33:39.892310+08:00,2026-09-12 11:33:40.182303+08:00,,,"{'masked-set': {'uri': 'file:///D:/pythonpro/audit_network/docs/%E5%85%A8%E6%B5%81%E7%A8%8B%E8%BF%90%E8%A1%8C%E6%97%A5%E5%BF%97-20260912/12-%E6%9C%AC%E6%AC%A1%E8%BF%90%E8%A1%8C%E4%BA%A7%E7%89%A9/chains/plan-ai-fund-fraud-100/data-mask-001/output-masked-set-aa8917756b91f1ae.json', 'sha256': 'aa8917756b91f1ae01dc680486bcdd6306389d5642dd4279b0bc6d3f195bb5a1', 'size_bytes': 406}}"
demand-collect-001,audit.mandate.demand-collect,audit.mandate.demand-collect,succeeded,2026-09-12 11:33:40.227328+08:00,2026-09-12 11:33:40.346846+08:00,,,"{'demand-set': {'uri': 'file:///D:/pythonpro/audit_network/docs/%E5%85%A8%E6%B5%81%E7%A8%8B%E8%BF%90%E8%A1%8C%E6%97%A5%E5%BF%97-20260912/12-%E6%9C%AC%E6%AC%A1%E8%BF%90%E8%A1%8C%E4%BA%A7%E7%89%A9/chains/plan-ai-fund-fraud-100/demand-collect-001/output-demand-set-87b4c984596d7ef7.json', 'sha256': '87b4c984596d7ef759e8852cb5901b6217aa69a9c5bbd780385ea6b289f98d6f', 'size_bytes': 780}}"
evidence-photo-001,audit.field.evidence-photo,audit.field.evidence-photo,succeeded,2026-09-12 11:33:40.395767+08:00,2026-09-12 11:33:40.518567+08:00,,,"{'photo-evidence': {'uri': 'file:///D:/pythonpro/audit_network/docs/%E5%85%A8%E6%B5%81%E7%A8%8B%E8%BF%90%E8%A1%8C%E6%97%A5%E5%BF%97-20260912/12-%E6%9C%AC%E6%AC%A1%E8%BF%90%E8%A1%8C%E4%BA%A7%E7%89%A9/chains/plan-ai-fund-fraud-100/evidence-photo-001/output-photo-evidence-61d7f105cbd77a80.json', 'sha256': '61d7f105cbd77a8050933ea56e60720c690c6324e821c60e223bd41d3f11a73f', 'size_bytes': 952}}"
evidence-archive-001,audit.evidence.evidence-archive,audit.evidence.evidence-archive,succeeded,2026-09-12 11:33:40.566748+08:00,2026-09-12 11:33:40.688670+08:00,,,"{'archived-evidence': {'uri': 'file:///D:/pythonpro/audit_network/docs/%E5%85%A8%E6%B5%81%E7%A8%8B%E8%BF%90%E8%A1%8C%E6%97%A5%E5%BF%97-20260912/12-%E6%9C%AC%E6%AC%A1%E8%BF%90%E8%A1%8C%E4%BA%A7%E7%89%A9/chains/plan-ai-fund-fraud-100/evidence-archive-001/output-archived-evidence-1f7a495f699421ca.json', 'sha256': '1f7a495f699421ca0bbf19aef5303d67a162cd569e297eb4fe4724e3a5c407c5', 'size_bytes': 488}}"
extension-approve-001,audit.field.extension-approve,audit.field.extension-approve,succeeded,2026-09-12 11:33:40.733802+08:00,2026-09-12 11:33:40.861669+08:00,,,"{'extension-decision': {'uri': 'file:///D:/pythonpro/audit_network/docs/%E5%85%A8%E6%B5%81%E7%A8%8B%E8%BF%90%E8%A1%8C%E6%97%A5%E5%BF%97-20260912/12-%E6%9C%AC%E6%AC%A1%E8%BF%90%E8%A1%8C%E4%BA%A7%E7%89%A9/chains/plan-ai-fund-fraud-100/extension-approve-001/output-extension-decision-53baf051c743b358.json', 'sha256': '53baf051c743b3580c05a9d1d4b00a45f0a92692562c19d2492d71ddfc348ed1', 'size_bytes': 642}}"
finance-clean-001,audit.foundation.finance-clean,audit.foundation.finance-clean,succeeded,2026-09-12 11:33:40.910086+08:00,2026-09-12 11:33:41.037265+08:00,,,"{'clean-finance-set': {'uri': 'file:///D:/pythonpro/audit_network/docs/%E5%85%A8%E6%B5%81%E7%A8%8B%E8%BF%90%E8%A1%8C%E6%97%A5%E5%BF%97-20260912/12-%E6%9C%AC%E6%AC%A1%E8%BF%90%E8%A1%8C%E4%BA%A7%E7%89%A9/chains/plan-ai-fund-fraud-100/finance-clean-001/output-clean-finance-set-e5b3c6fb99105af8.json', 'sha256': 'e5b3c6fb99105af8c306ce9231530948faf0864c266e5470b514e042f10e0108', 'size_bytes': 17620}}"
finance-anomaly-alert-001,audit.risk.finance-anomaly-alert,audit.risk.finance-anomaly-alert,succeeded,2026-09-12 11:33:41.086008+08:00,2026-09-12 11:33:41.219162+08:00,,,"{'finance-anomaly-set': {'uri': 'file:///D:/pythonpro/audit_network/docs/%E5%85%A8%E6%B5%81%E7%A8%8B%E8%BF%90%E8%A1%8C%E6%97%A5%E5%BF%97-20260912/12-%E6%9C%AC%E6%AC%A1%E8%BF%90%E8%A1%8C%E4%BA%A7%E7%89%A9/chains/plan-ai-fund-fraud-100/finance-anomaly-alert-001/output-finance-anomaly-set-84f13a7697c37159.json', 'sha256': '84f13a7697c37159505746dcc1892a8f09f37d5cb93e7e00632b3e11164c297d', 'size_bytes': 5037}}"
fraud-risk-match-001,audit.risk.fraud-risk-match,audit.risk.fraud-risk-match,succeeded,2026-09-12 11:33:41.272018+08:00,2026-09-12 11:33:41.406451+08:00,,,"{'fraud-risk-set': {'uri': 'file:///D:/pythonpro/audit_network/docs/%E5%85%A8%E6%B5%81%E7%A8%8B%E8%BF%90%E8%A1%8C%E6%97%A5%E5%BF%97-20260912/12-%E6%9C%AC%E6%AC%A1%E8%BF%90%E8%A1%8C%E4%BA%A7%E7%89%A9/chains/plan-ai-fund-fraud-100/fraud-risk-match-001/output-fraud-risk-set-6b8f099b114bde5f.json', 'sha256': '6b8f099b114bde5f9645a106b193238951e6cf7845a3705d6d9e44f1f9a09d6b', 'size_bytes': 383}}"
fulltext-search-001,audit.foundation.fulltext-search,audit.foundation.fulltext-search,succeeded,2026-09-12 11:33:41.453580+08:00,2026-09-12 11:33:41.709966+08:00,,,"{'search-hits': {'uri': 'file:///D:/pythonpro/audit_network/docs/%E5%85%A8%E6%B5%81%E7%A8%8B%E8%BF%90%E8%A1%8C%E6%97%A5%E5%BF%97-20260912/12-%E6%9C%AC%E6%AC%A1%E8%BF%90%E8%A1%8C%E4%BA%A7%E7%89%A9/chains/plan-ai-fund-fraud-100/fulltext-search-001/output-search-hits-9a17644cc7996e76.json', 'sha256': '9a17644cc7996e76046bf2261bfe6cbd108a0a0b82b2c214855530ad5e5651f9', 'size_bytes': 180}}"
industry-risk-benchmark-001,audit.risk.industry-risk-benchmark,audit.risk.industry-risk-benchmark,succeeded,2026-09-12 11:33:41.760490+08:00,2026-09-12 11:33:41.887892+08:00,,,"{'industry-risk-set': {'uri': 'file:///D:/pythonpro/audit_network/docs/%E5%85%A8%E6%B5%81%E7%A8%8B%E8%BF%90%E8%A1%8C%E6%97%A5%E5%BF%97-20260912/12-%E6%9C%AC%E6%AC%A1%E8%BF%90%E8%A1%8C%E4%BA%A7%E7%89%A9/chains/plan-ai-fund-fraud-100/industry-risk-benchmark-001/output-industry-risk-set-07359379172e2546.json', 'sha256': '07359379172e2546b880488c3197571b359e1c65fc7d3a930924bbb80b32fc32', 'size_bytes': 515}}"
internal-control-risk-map-001,audit.risk.internal-control-risk-map,audit.risk.internal-control-risk-map,succeeded,2026-09-12 11:33:41.936002+08:00,2026-09-12 11:33:42.055077+08:00,,,"{'ic-risk-set': {'uri': 'file:///D:/pythonpro/audit_network/docs/%E5%85%A8%E6%B5%81%E7%A8%8B%E8%BF%90%E8%A1%8C%E6%97%A5%E5%BF%97-20260912/12-%E6%9C%AC%E6%AC%A1%E8%BF%90%E8%A1%8C%E4%BA%A7%E7%89%A9/chains/plan-ai-fund-fraud-100/internal-control-risk-map-001/output-ic-risk-set-a0c6a8727d6cfd3f.json', 'sha256': 'a0c6a8727d6cfd3f484950ff6e9fbbac806ca9ef4c011f6c4d158620742308f1', 'size_bytes': 549}}"
interview-record-001,audit.field.interview-record,audit.field.interview-record,succeeded,2026-09-12 11:33:42.099676+08:00,2026-09-12 11:33:42.210851+08:00,,,"{'interview-note': {'uri': 'file:///D:/pythonpro/audit_network/docs/%E5%85%A8%E6%B5%81%E7%A8%8B%E8%BF%90%E8%A1%8C%E6%97%A5%E5%BF%97-20260912/12-%E6%9C%AC%E6%AC%A1%E8%BF%90%E8%A1%8C%E4%BA%A7%E7%89%A9/chains/plan-ai-fund-fraud-100/interview-record-001/output-interview-note-28633ea0c0e2693f.json', 'sha256': '28633ea0c0e2693ffc3a957f391530caeb916d3a377007597bb7ab8cca4f7021', 'size_bytes': 575}}"
inventory-count-001,audit.field.inventory-count,audit.field.inventory-count,succeeded,2026-09-12 11:33:42.255669+08:00,2026-09-12 11:33:42.373705+08:00,,,"{'inventory-result': {'uri': 'file:///D:/pythonpro/audit_network/docs/%E5%85%A8%E6%B5%81%E7%A8%8B%E8%BF%90%E8%A1%8C%E6%97%A5%E5%BF%97-20260912/12-%E6%9C%AC%E6%AC%A1%E8%BF%90%E8%A1%8C%E4%BA%A7%E7%89%A9/chains/plan-ai-fund-fraud-100/inventory-count-001/output-inventory-result-2bbfbe552f689333.json', 'sha256': '2bbfbe552f68933322f732f677143a68fa1e5d30b80c19278d5bc0be03c487a9', 'size_bytes': 437}}"
issue-trend-analysis-001,audit.govern.issue-trend-analysis,audit.govern.issue-trend-analysis,succeeded,2026-09-12 11:33:42.420938+08:00,2026-09-12 11:33:42.534926+08:00,,,"{'trend-report': {'uri': 'file:///D:/pythonpro/audit_network/docs/%E5%85%A8%E6%B5%81%E7%A8%8B%E8%BF%90%E8%A1%8C%E6%97%A5%E5%BF%97-20260912/12-%E6%9C%AC%E6%AC%A1%E8%BF%90%E8%A1%8C%E4%BA%A7%E7%89%A9/chains/plan-ai-fund-fraud-100/issue-trend-analysis-001/output-trend-report-a4b9b1d8ef3881bd.json', 'sha256': 'a4b9b1d8ef3881bdb60da390ed024a205dbb962c9886b2db5603bf9349fee556', 'size_bytes': 400}}"
lineage-track-001,audit.foundation.lineage-track,audit.foundation.lineage-track,succeeded,2026-09-12 11:33:42.579182+08:00,2026-09-12 11:33:42.692327+08:00,,,"{'lineage-graph': {'uri': 'file:///D:/pythonpro/audit_network/docs/%E5%85%A8%E6%B5%81%E7%A8%8B%E8%BF%90%E8%A1%8C%E6%97%A5%E5%BF%97-20260912/12-%E6%9C%AC%E6%AC%A1%E8%BF%90%E8%A1%8C%E4%BA%A7%E7%89%A9/chains/plan-ai-fund-fraud-100/lineage-track-001/output-lineage-graph-9a5ef2d54c6da9b6.json', 'sha256': '9a5ef2d54c6da9b6fdd3e73d66aeb88586423efbdaa538122ac0d64d310f17d1', 'size_bytes': 183}}"
macro-policy-risk-scan-001,audit.risk.macro-policy-risk-scan,audit.risk.macro-policy-risk-scan,succeeded,2026-09-12 11:33:42.737910+08:00,2026-09-12 11:33:42.855293+08:00,,,"{'policy-risk-set': {'uri': 'file:///D:/pythonpro/audit_network/docs/%E5%85%A8%E6%B5%81%E7%A8%8B%E8%BF%90%E8%A1%8C%E6%97%A5%E5%BF%97-20260912/12-%E6%9C%AC%E6%AC%A1%E8%BF%90%E8%A1%8C%E4%BA%A7%E7%89%A9/chains/plan-ai-fund-fraud-100/macro-policy-risk-scan-001/output-policy-risk-set-4ce68612d0b0f716.json', 'sha256': '4ce68612d0b0f716a084d20260bc06e4fbac7acf367a44dcfdc2d93295b94925', 'size_bytes': 336}}"
master-mapping-001,audit.foundation.master-mapping,audit.foundation.master-mapping,succeeded,2026-09-12 11:33:42.899640+08:00,2026-09-12 11:33:43.015431+08:00,,,"{'master-map': {'uri': 'file:///D:/pythonpro/audit_network/docs/%E5%85%A8%E6%B5%81%E7%A8%8B%E8%BF%90%E8%A1%8C%E6%97%A5%E5%BF%97-20260912/12-%E6%9C%AC%E6%AC%A1%E8%BF%90%E8%A1%8C%E4%BA%A7%E7%89%A9/chains/plan-ai-fund-fraud-100/master-mapping-001/output-master-map-43f60b93f77109c5.json', 'sha256': '43f60b93f77109c521894dc0171913ac0c08f2fbafeb8b810c5d9a3fba48f6fb', 'size_bytes': 401}}"
material-submit-001,audit.mandate.material-submit,audit.mandate.material-submit,succeeded,2026-09-12 11:33:43.067674+08:00,2026-09-12 11:33:43.183563+08:00,,,"{'submitted-material': {'uri': 'file:///D:/pythonpro/audit_network/docs/%E5%85%A8%E6%B5%81%E7%A8%8B%E8%BF%90%E8%A1%8C%E6%97%A5%E5%BF%97-20260912/12-%E6%9C%AC%E6%AC%A1%E8%BF%90%E8%A1%8C%E4%BA%A7%E7%89%A9/chains/plan-ai-fund-fraud-100/material-submit-001/output-submitted-material-fe21194f858c9d1a.json', 'sha256': 'fe21194f858c9d1a6915c67d65b9860c6d6c23fa06d7e98f3fc605ad0ec0a746', 'size_bytes': 856}}"
material-precheck-001,audit.mandate.material-precheck,audit.mandate.material-precheck,succeeded,2026-09-12 11:33:43.229771+08:00,2026-09-12 11:33:43.346278+08:00,,,"{'precheck-report': {'uri': 'file:///D:/pythonpro/audit_network/docs/%E5%85%A8%E6%B5%81%E7%A8%8B%E8%BF%90%E8%A1%8C%E6%97%A5%E5%BF%97-20260912/12-%E6%9C%AC%E6%AC%A1%E8%BF%90%E8%A1%8C%E4%BA%A7%E7%89%A9/chains/plan-ai-fund-fraud-100/material-precheck-001/output-precheck-report-a65b8a46c59a7ee1.json', 'sha256': 'a65b8a46c59a7ee1634eac4cdb4184a3bed00b93dea17e21009aa269cbeeb591', 'size_bytes': 638}}"
meeting-minutes-001,audit.field.meeting-minutes,audit.field.meeting-minutes,succeeded,2026-09-12 11:33:43.392157+08:00,2026-09-12 11:33:43.509770+08:00,,,"{'meeting-minutes': {'uri': 'file:///D:/pythonpro/audit_network/docs/%E5%85%A8%E6%B5%81%E7%A8%8B%E8%BF%90%E8%A1%8C%E6%97%A5%E5%BF%97-20260912/12-%E6%9C%AC%E6%AC%A1%E8%BF%90%E8%A1%8C%E4%BA%A7%E7%89%A9/chains/plan-ai-fund-fraud-100/meeting-minutes-001/output-meeting-minutes-6a077aae3a5e7068.json', 'sha256': '6a077aae3a5e7068b53125bf0f516d38d0a6125fabdbd492c1e9c31ec653e870', 'size_bytes': 529}}"
metadata-manage-001,audit.foundation.metadata-manage,audit.foundation.metadata-manage,succeeded,2026-09-12 11:33:43.552528+08:00,2026-09-12 11:33:43.669300+08:00,,,"{'metadata-dict': {'uri': 'file:///D:/pythonpro/audit_network/docs/%E5%85%A8%E6%B5%81%E7%A8%8B%E8%BF%90%E8%A1%8C%E6%97%A5%E5%BF%97-20260912/12-%E6%9C%AC%E6%AC%A1%E8%BF%90%E8%A1%8C%E4%BA%A7%E7%89%A9/chains/plan-ai-fund-fraud-100/metadata-manage-001/output-metadata-dict-e84b78568f4af2d8.json', 'sha256': 'e84b78568f4af2d84420d73b75af840425c460673e2db2858664d4d486fbb7f1', 'size_bytes': 400}}"
method-distill-001,audit.govern.method-distill,audit.govern.method-distill,succeeded,2026-09-12 11:33:43.713377+08:00,2026-09-12 11:33:43.828478+08:00,,,"{'method-library': {'uri': 'file:///D:/pythonpro/audit_network/docs/%E5%85%A8%E6%B5%81%E7%A8%8B%E8%BF%90%E8%A1%8C%E6%97%A5%E5%BF%97-20260912/12-%E6%9C%AC%E6%AC%A1%E8%BF%90%E8%A1%8C%E4%BA%A7%E7%89%A9/chains/plan-ai-fund-fraud-100/method-distill-001/output-method-library-e366e286398c49ba.json', 'sha256': 'e366e286398c49baebb7c6ecc32310775552a3c829fd79ac034c7ef2b07aed6c', 'size_bytes': 375}}"
metric-compute-001,audit.foundation.metric-compute,audit.foundation.metric-compute,succeeded,2026-09-12 11:33:43.869945+08:00,2026-09-12 11:33:43.987380+08:00,,,"{'metric-output': {'uri': 'file:///D:/pythonpro/audit_network/docs/%E5%85%A8%E6%B5%81%E7%A8%8B%E8%BF%90%E8%A1%8C%E6%97%A5%E5%BF%97-20260912/12-%E6%9C%AC%E6%AC%A1%E8%BF%90%E8%A1%8C%E4%BA%A7%E7%89%A9/chains/plan-ai-fund-fraud-100/metric-compute-001/output-metric-output-858c52990f03871c.json', 'sha256': '858c52990f03871ca901484beb1c7123532ffcb2e8e1035aef5f2b902c73591c', 'size_bytes': 1276}}"
multi-source-collect-001,audit.foundation.multi-source-collect,audit.foundation.multi-source-collect,succeeded,2026-09-12 11:33:44.033124+08:00,2026-09-12 11:33:44.147610+08:00,,,"{'audit-source-set': {'uri': 'file:///D:/pythonpro/audit_network/docs/%E5%85%A8%E6%B5%81%E7%A8%8B%E8%BF%90%E8%A1%8C%E6%97%A5%E5%BF%97-20260912/12-%E6%9C%AC%E6%AC%A1%E8%BF%90%E8%A1%8C%E4%BA%A7%E7%89%A9/chains/plan-ai-fund-fraud-100/multi-source-collect-001/output-audit-source-set-e940ce3dca462912.json', 'sha256': 'e940ce3dca4629123cfa6604ce453a93dff05f4053651bc852b012e7b492c2a2', 'size_bytes': 325}}"
nlp-process-001,audit.foundation.nlp-process,audit.foundation.nlp-process,succeeded,2026-09-12 11:33:44.194802+08:00,2026-09-12 11:33:44.310740+08:00,,,"{'nlp-output': {'uri': 'file:///D:/pythonpro/audit_network/docs/%E5%85%A8%E6%B5%81%E7%A8%8B%E8%BF%90%E8%A1%8C%E6%97%A5%E5%BF%97-20260912/12-%E6%9C%AC%E6%AC%A1%E8%BF%90%E8%A1%8C%E4%BA%A7%E7%89%A9/chains/plan-ai-fund-fraud-100/nlp-process-001/output-nlp-output-65b3cd4da8e9d9fc.json', 'sha256': '65b3cd4da8e9d9fc07fb70de5224bfc35ad5f576ba186fb0620305f023f3bc67', 'size_bytes': 734}}"
ocr-extract-001,audit.foundation.ocr-extract,audit.foundation.ocr-extract,succeeded,2026-09-12 11:33:44.353106+08:00,2026-09-12 11:33:44.490167+08:00,,,"{'ocr-text': {'uri': 'file:///D:/pythonpro/audit_network/docs/%E5%85%A8%E6%B5%81%E7%A8%8B%E8%BF%90%E8%A1%8C%E6%97%A5%E5%BF%97-20260912/12-%E6%9C%AC%E6%AC%A1%E8%BF%90%E8%A1%8C%E4%BA%A7%E7%89%A9/chains/plan-ai-fund-fraud-100/ocr-extract-001/output-ocr-text-469c870a22623b31.json', 'sha256': '469c870a22623b318b38ed51a74036857b0d74d86d37fb320a0f78db13988a60', 'size_bytes': 573}}"
permission-control-001,audit.foundation.permission-control,audit.foundation.permission-control,succeeded,2026-09-12 11:33:44.535148+08:00,2026-09-12 11:33:44.649013+08:00,,,"{'access-decision': {'uri': 'file:///D:/pythonpro/audit_network/docs/%E5%85%A8%E6%B5%81%E7%A8%8B%E8%BF%90%E8%A1%8C%E6%97%A5%E5%BF%97-20260912/12-%E6%9C%AC%E6%AC%A1%E8%BF%90%E8%A1%8C%E4%BA%A7%E7%89%A9/chains/plan-ai-fund-fraud-100/permission-control-001/output-access-decision-7cfe561bf7550768.json', 'sha256': '7cfe561bf7550768314f1f54ed6b78a709601ad2ab74b52342e6581d913106ce', 'size_bytes': 416}}"
plan-version-control-001,audit.plan.plan-version-control,audit.plan.plan-version-control,succeeded,2026-09-12 11:33:44.692244+08:00,2026-09-12 11:33:44.816023+08:00,,,"{'plan-version': {'uri': 'file:///D:/pythonpro/audit_network/docs/%E5%85%A8%E6%B5%81%E7%A8%8B%E8%BF%90%E8%A1%8C%E6%97%A5%E5%BF%97-20260912/12-%E6%9C%AC%E6%AC%A1%E8%BF%90%E8%A1%8C%E4%BA%A7%E7%89%A9/chains/plan-ai-fund-fraud-100/plan-version-control-001/output-plan-version-3d268db6109b8da6.json', 'sha256': '3d268db6109b8da6795048d232a0dc65bf2fafc3198e8ec0882bf28bd061d354', 'size_bytes': 619}}"
process-gap-detect-001,audit.risk.process-gap-detect,audit.risk.process-gap-detect,succeeded,2026-09-12 11:33:44.861306+08:00,2026-09-12 11:33:44.974387+08:00,,,"{'process-gap-set': {'uri': 'file:///D:/pythonpro/audit_network/docs/%E5%85%A8%E6%B5%81%E7%A8%8B%E8%BF%90%E8%A1%8C%E6%97%A5%E5%BF%97-20260912/12-%E6%9C%AC%E6%AC%A1%E8%BF%90%E8%A1%8C%E4%BA%A7%E7%89%A9/chains/plan-ai-fund-fraud-100/process-gap-detect-001/output-process-gap-set-c642a31c39500951.json', 'sha256': 'c642a31c39500951ffd3d25bc400b4f924d52a1e3660f77d35e18021f644b392', 'size_bytes': 336}}"
progress-report-001,audit.field.progress-report,audit.field.progress-report,succeeded,2026-09-12 11:33:45.017371+08:00,2026-09-12 11:33:45.129493+08:00,,,"{'progress-daily': {'uri': 'file:///D:/pythonpro/audit_network/docs/%E5%85%A8%E6%B5%81%E7%A8%8B%E8%BF%90%E8%A1%8C%E6%97%A5%E5%BF%97-20260912/12-%E6%9C%AC%E6%AC%A1%E8%BF%90%E8%A1%8C%E4%BA%A7%E7%89%A9/chains/plan-ai-fund-fraud-100/progress-report-001/output-progress-daily-0d617d5f4cfa6210.json', 'sha256': '0d617d5f4cfa6210f882080744efafb8b80a1423cbc425aafc564d8966f8c841', 'size_bytes': 227}}"
project-quality-score-001,audit.govern.project-quality-score,audit.govern.project-quality-score,succeeded,2026-09-12 11:33:45.275805+08:00,2026-09-12 11:33:45.386191+08:00,,,"{'quality-score': {'uri': 'file:///D:/pythonpro/audit_network/docs/%E5%85%A8%E6%B5%81%E7%A8%8B%E8%BF%90%E8%A1%8C%E6%97%A5%E5%BF%97-20260912/12-%E6%9C%AC%E6%AC%A1%E8%BF%90%E8%A1%8C%E4%BA%A7%E7%89%A9/chains/plan-ai-fund-fraud-100/project-quality-score-001/output-quality-score-87a53604217d6a77.json', 'sha256': '87a53604217d6a772bac7cd3d486fecd9144c3bb4d65c5c90aa19ce1c4726128', 'size_bytes': 287}}"
quality-check-001,audit.foundation.quality-check,audit.foundation.quality-check,succeeded,2026-09-12 11:33:45.430749+08:00,2026-09-12 11:33:45.545377+08:00,,,"{'quality-report': {'uri': 'file:///D:/pythonpro/audit_network/docs/%E5%85%A8%E6%B5%81%E7%A8%8B%E8%BF%90%E8%A1%8C%E6%97%A5%E5%BF%97-20260912/12-%E6%9C%AC%E6%AC%A1%E8%BF%90%E8%A1%8C%E4%BA%A7%E7%89%A9/chains/plan-ai-fund-fraud-100/quality-check-001/output-quality-report-4bdfe153cbde541a.json', 'sha256': '4bdfe153cbde541a50daa10de4ba46dae9a70ef72ae9da25cf2b8219ee750e36', 'size_bytes': 1141}}"
risk-matrix-build-001,audit.risk.risk-matrix-build,audit.risk.risk-matrix-build,succeeded,2026-09-12 11:33:45.587286+08:00,2026-09-12 11:33:45.703533+08:00,,,"{'risk-matrix': {'uri': 'file:///D:/pythonpro/audit_network/docs/%E5%85%A8%E6%B5%81%E7%A8%8B%E8%BF%90%E8%A1%8C%E6%97%A5%E5%BF%97-20260912/12-%E6%9C%AC%E6%AC%A1%E8%BF%90%E8%A1%8C%E4%BA%A7%E7%89%A9/chains/plan-ai-fund-fraud-100/risk-matrix-build-001/output-risk-matrix-f29681f458c8844c.json', 'sha256': 'f29681f458c8844c1842deac162e0cc6c5ec67e8d5d40beacfde17a4c39f3028', 'size_bytes': 8090}}"
risk-level-assign-001,audit.risk.risk-level-assign,audit.risk.risk-level-assign,succeeded,2026-09-12 11:33:45.749696+08:00,2026-09-12 11:33:45.868749+08:00,,,"{'risk-level': {'uri': 'file:///D:/pythonpro/audit_network/docs/%E5%85%A8%E6%B5%81%E7%A8%8B%E8%BF%90%E8%A1%8C%E6%97%A5%E5%BF%97-20260912/12-%E6%9C%AC%E6%AC%A1%E8%BF%90%E8%A1%8C%E4%BA%A7%E7%89%A9/chains/plan-ai-fund-fraud-100/risk-level-assign-001/output-risk-level-8fe43612aa1044c2.json', 'sha256': '8fe43612aa1044c2cf639053cdd5c4a2452504f04963cef5028233f7d3673b44', 'size_bytes': 3759}}"
high-risk-area-locate-001,audit.risk.high-risk-area-locate,audit.risk.high-risk-area-locate,succeeded,2026-09-12 11:33:45.911921+08:00,2026-09-12 11:33:46.024725+08:00,,,"{'high-risk-area': {'uri': 'file:///D:/pythonpro/audit_network/docs/%E5%85%A8%E6%B5%81%E7%A8%8B%E8%BF%90%E8%A1%8C%E6%97%A5%E5%BF%97-20260912/12-%E6%9C%AC%E6%AC%A1%E8%BF%90%E8%A1%8C%E4%BA%A7%E7%89%A9/chains/plan-ai-fund-fraud-100/high-risk-area-locate-001/output-high-risk-area-b9351b02e6733282.json', 'sha256': 'b9351b02e6733282936924b60dbae4f8d03f05b9be1065a5eabec53be5fa89d5', 'size_bytes': 2032}}"
risk-advice-generate-001,audit.risk.risk-advice-generate,audit.risk.risk-advice-generate,succeeded,2026-09-12 11:33:46.071321+08:00,2026-09-12 11:33:46.181500+08:00,,,"{'risk-advice-set': {'uri': 'file:///D:/pythonpro/audit_network/docs/%E5%85%A8%E6%B5%81%E7%A8%8B%E8%BF%90%E8%A1%8C%E6%97%A5%E5%BF%97-20260912/12-%E6%9C%AC%E6%AC%A1%E8%BF%90%E8%A1%8C%E4%BA%A7%E7%89%A9/chains/plan-ai-fund-fraud-100/risk-advice-generate-001/output-risk-advice-set-17bc556a3a9ba7e3.json', 'sha256': '17bc556a3a9ba7e32e63993bb6b676e7469922e883a07cc1a1183be7ac77369d', 'size_bytes': 467}}"
project-scheme-build-001,audit.plan.project-scheme-build,audit.plan.project-scheme-build,succeeded,2026-09-12 11:33:46.224151+08:00,2026-09-12 11:33:46.336286+08:00,,,"{'project-scheme': {'uri': 'file:///D:/pythonpro/audit_network/docs/%E5%85%A8%E6%B5%81%E7%A8%8B%E8%BF%90%E8%A1%8C%E6%97%A5%E5%BF%97-20260912/12-%E6%9C%AC%E6%AC%A1%E8%BF%90%E8%A1%8C%E4%BA%A7%E7%89%A9/chains/plan-ai-fund-fraud-100/project-scheme-build-001/output-project-scheme-f2ae1463aaaeb0e0.json', 'sha256': 'f2ae1463aaaeb0e0c68a641388960c4676b7b70d36d9e183c6b2d91cec32e60b', 'size_bytes': 1660}}"
program-template-match-001,audit.plan.program-template-match,audit.plan.program-template-match,succeeded,2026-09-12 11:33:46.382806+08:00,2026-09-12 11:33:46.493366+08:00,,,"{'program-template': {'uri': 'file:///D:/pythonpro/audit_network/docs/%E5%85%A8%E6%B5%81%E7%A8%8B%E8%BF%90%E8%A1%8C%E6%97%A5%E5%BF%97-20260912/12-%E6%9C%AC%E6%AC%A1%E8%BF%90%E8%A1%8C%E4%BA%A7%E7%89%A9/chains/plan-ai-fund-fraud-100/program-template-match-001/output-program-template-897a7b5697044b63.json', 'sha256': '897a7b5697044b63dff422f5b996d8547e4b0f925b9d77cf6883cab25e0fefcb', 'size_bytes': 2871}}"
risk-heatmap-draw-001,audit.risk.risk-heatmap-draw,audit.risk.risk-heatmap-draw,succeeded,2026-09-12 11:33:46.536475+08:00,2026-09-12 11:33:46.649451+08:00,,,"{'risk-heatmap': {'uri': 'file:///D:/pythonpro/audit_network/docs/%E5%85%A8%E6%B5%81%E7%A8%8B%E8%BF%90%E8%A1%8C%E6%97%A5%E5%BF%97-20260912/12-%E6%9C%AC%E6%AC%A1%E8%BF%90%E8%A1%8C%E4%BA%A7%E7%89%A9/chains/plan-ai-fund-fraud-100/risk-heatmap-draw-001/output-risk-heatmap-9a36641a084ac5bd.json', 'sha256': '9a36641a084ac5bdc309672a72f39278596f2ccb49615b60eab70dae853c6bcf', 'size_bytes': 555}}"
rule-engine-001,audit.foundation.rule-engine,audit.foundation.rule-engine,succeeded,2026-09-12 11:33:46.693428+08:00,2026-09-12 11:33:46.803829+08:00,,,"{'rule-evaluation': {'uri': 'file:///D:/pythonpro/audit_network/docs/%E5%85%A8%E6%B5%81%E7%A8%8B%E8%BF%90%E8%A1%8C%E6%97%A5%E5%BF%97-20260912/12-%E6%9C%AC%E6%AC%A1%E8%BF%90%E8%A1%8C%E4%BA%A7%E7%89%A9/chains/plan-ai-fund-fraud-100/rule-engine-001/output-rule-evaluation-3b2456a4180bc79b.json', 'sha256': '3b2456a4180bc79bfaeba0d75ce7e25ca29ef86b21841f4c53eb22c432b8f207', 'size_bytes': 535}}"
rule-iteration-001,audit.govern.rule-iteration,audit.govern.rule-iteration,succeeded,2026-09-12 11:33:46.849133+08:00,2026-09-12 11:33:46.959102+08:00,,,"{'updated-rule-pack': {'uri': 'file:///D:/pythonpro/audit_network/docs/%E5%85%A8%E6%B5%81%E7%A8%8B%E8%BF%90%E8%A1%8C%E6%97%A5%E5%BF%97-20260912/12-%E6%9C%AC%E6%AC%A1%E8%BF%90%E8%A1%8C%E4%BA%A7%E7%89%A9/chains/plan-ai-fund-fraud-100/rule-iteration-001/output-updated-rule-pack-63bcf54bda9da9a8.json', 'sha256': '63bcf54bda9da9a8553fa2c626e432fe1e20cdaf4366715667efa6eadbba6088', 'size_bytes': 585}}"
sampling-select-001,audit.plan.sampling-select,audit.plan.sampling-select,succeeded,2026-09-12 11:33:47.000965+08:00,2026-09-12 11:33:47.112598+08:00,,,"{'sampling-plan': {'uri': 'file:///D:/pythonpro/audit_network/docs/%E5%85%A8%E6%B5%81%E7%A8%8B%E8%BF%90%E8%A1%8C%E6%97%A5%E5%BF%97-20260912/12-%E6%9C%AC%E6%AC%A1%E8%BF%90%E8%A1%8C%E4%BA%A7%E7%89%A9/chains/plan-ai-fund-fraud-100/sampling-select-001/output-sampling-plan-7d654f273bbdd7a2.json', 'sha256': '7d654f273bbdd7a2951b64a6663f99562967ce60401fb28377417abf982ef905', 'size_bytes': 388}}"
sample-size-compute-001,audit.plan.sample-size-compute,audit.plan.sample-size-compute,succeeded,2026-09-12 11:33:47.155493+08:00,2026-09-12 11:33:47.270078+08:00,,,"{'sample-size': {'uri': 'file:///D:/pythonpro/audit_network/docs/%E5%85%A8%E6%B5%81%E7%A8%8B%E8%BF%90%E8%A1%8C%E6%97%A5%E5%BF%97-20260912/12-%E6%9C%AC%E6%AC%A1%E8%BF%90%E8%A1%8C%E4%BA%A7%E7%89%A9/chains/plan-ai-fund-fraud-100/sample-size-compute-001/output-sample-size-6078e9cef44ea7f9.json', 'sha256': '6078e9cef44ea7f9811916628a81b2aef969fa4789f6caf01a55d6cdd89e5b7a', 'size_bytes': 223}}"
site-checkin-track-001,audit.field.site-checkin-track,audit.field.site-checkin-track,succeeded,2026-09-12 11:33:47.316363+08:00,2026-09-12 11:33:47.432151+08:00,,,"{'checkin-log': {'uri': 'file:///D:/pythonpro/audit_network/docs/%E5%85%A8%E6%B5%81%E7%A8%8B%E8%BF%90%E8%A1%8C%E6%97%A5%E5%BF%97-20260912/12-%E6%9C%AC%E6%AC%A1%E8%BF%90%E8%A1%8C%E4%BA%A7%E7%89%A9/chains/plan-ai-fund-fraud-100/site-checkin-track-001/output-checkin-log-accf2f740c9562fe.json', 'sha256': 'accf2f740c9562fe31257d33bfd25dfad8244ad695a803e34569f2dfb09c8a86', 'size_bytes': 271}}"
strategy-align-001,audit.mandate.strategy-align,audit.mandate.strategy-align,succeeded,2026-09-12 11:33:47.475915+08:00,2026-09-12 11:33:47.586409+08:00,,,"{'aligned-demand': {'uri': 'file:///D:/pythonpro/audit_network/docs/%E5%85%A8%E6%B5%81%E7%A8%8B%E8%BF%90%E8%A1%8C%E6%97%A5%E5%BF%97-20260912/12-%E6%9C%AC%E6%AC%A1%E8%BF%90%E8%A1%8C%E4%BA%A7%E7%89%A9/chains/plan-ai-fund-fraud-100/strategy-align-001/output-aligned-demand-efb7c446d566d88d.json', 'sha256': 'efb7c446d566d88ddcfa73e041124624a7e802c91871eeac3246e680c13eaff4', 'size_bytes': 1040}}"
annual-propose-001,audit.mandate.annual-propose,audit.mandate.annual-propose,succeeded,2026-09-12 11:33:47.629511+08:00,2026-09-12 11:33:47.745183+08:00,,,"{'proposal-set': {'uri': 'file:///D:/pythonpro/audit_network/docs/%E5%85%A8%E6%B5%81%E7%A8%8B%E8%BF%90%E8%A1%8C%E6%97%A5%E5%BF%97-20260912/12-%E6%9C%AC%E6%AC%A1%E8%BF%90%E8%A1%8C%E4%BA%A7%E7%89%A9/chains/plan-ai-fund-fraud-100/annual-propose-001/output-proposal-set-b3680e513232c205.json', 'sha256': 'b3680e513232c205dd657a21ed8b6c711a687229b528214fb2599d61fcca21e7', 'size_bytes': 600}}"
proposal-score-001,audit.mandate.proposal-score,audit.mandate.proposal-score,succeeded,2026-09-12 11:33:47.788184+08:00,2026-09-12 11:33:47.908762+08:00,,,"{'scored-proposal': {'uri': 'file:///D:/pythonpro/audit_network/docs/%E5%85%A8%E6%B5%81%E7%A8%8B%E8%BF%90%E8%A1%8C%E6%97%A5%E5%BF%97-20260912/12-%E6%9C%AC%E6%AC%A1%E8%BF%90%E8%A1%8C%E4%BA%A7%E7%89%A9/chains/plan-ai-fund-fraud-100/proposal-score-001/output-scored-proposal-b8e66b9a2197141e.json', 'sha256': 'b8e66b9a2197141e97fd0e28e0b83673baf8d1210d4aa4364c194c2fba02c623', 'size_bytes': 282}}"
project-library-001,audit.mandate.project-library,audit.mandate.project-library,succeeded,2026-09-12 11:33:47.951501+08:00,2026-09-12 11:33:48.061999+08:00,,,"{'project-snapshot': {'uri': 'file:///D:/pythonpro/audit_network/docs/%E5%85%A8%E6%B5%81%E7%A8%8B%E8%BF%90%E8%A1%8C%E6%97%A5%E5%BF%97-20260912/12-%E6%9C%AC%E6%AC%A1%E8%BF%90%E8%A1%8C%E4%BA%A7%E7%89%A9/chains/plan-ai-fund-fraud-100/project-library-001/output-project-snapshot-74403cf3b347369d.json', 'sha256': '74403cf3b347369dbdaefdb8da95b1d1eea76796a5c4c14b726bcadfc1de3bfe', 'size_bytes': 465}}"
notice-generate-001,audit.mandate.notice-generate,audit.mandate.notice-generate,succeeded,2026-09-12 11:33:48.104673+08:00,2026-09-12 11:33:48.215786+08:00,,,"{'audit-notice': {'uri': 'file:///D:/pythonpro/audit_network/docs/%E5%85%A8%E6%B5%81%E7%A8%8B%E8%BF%90%E8%A1%8C%E6%97%A5%E5%BF%97-20260912/12-%E6%9C%AC%E6%AC%A1%E8%BF%90%E8%A1%8C%E4%BA%A7%E7%89%A9/chains/plan-ai-fund-fraud-100/notice-generate-001/output-audit-notice-012e4e30bfb32e90.json', 'sha256': '012e4e30bfb32e9037f4eecf39d93628736148d8cc3e129ed55a4c7d881de19c', 'size_bytes': 366}}"
priority-rank-001,audit.mandate.priority-rank,audit.mandate.priority-rank,succeeded,2026-09-12 11:33:48.258058+08:00,2026-09-12 11:33:48.368203+08:00,,,"{'priority-order': {'uri': 'file:///D:/pythonpro/audit_network/docs/%E5%85%A8%E6%B5%81%E7%A8%8B%E8%BF%90%E8%A1%8C%E6%97%A5%E5%BF%97-20260912/12-%E6%9C%AC%E6%AC%A1%E8%BF%90%E8%A1%8C%E4%BA%A7%E7%89%A9/chains/plan-ai-fund-fraud-100/priority-rank-001/output-priority-order-70f2f100f217c324.json', 'sha256': '70f2f100f217c32495679bcb2bf3b477205a859616bf8a1d53ea7c5aa1ca1bcc', 'size_bytes': 281}}"
annual-plan-build-001,audit.plan.annual-plan-build,audit.plan.annual-plan-build,succeeded,2026-09-12 11:33:48.412574+08:00,2026-09-12 11:33:48.526370+08:00,,,"{'annual-plan': {'uri': 'file:///D:/pythonpro/audit_network/docs/%E5%85%A8%E6%B5%81%E7%A8%8B%E8%BF%90%E8%A1%8C%E6%97%A5%E5%BF%97-20260912/12-%E6%9C%AC%E6%AC%A1%E8%BF%90%E8%A1%8C%E4%BA%A7%E7%89%A9/chains/plan-ai-fund-fraud-100/annual-plan-build-001/output-annual-plan-be9f709ceabef85f.json', 'sha256': 'be9f709ceabef85f4a494e98ee90e6735bc2553d55968344e67fd9e93cbd095f', 'size_bytes': 379}}"
report-frame-build-001,audit.report.report-frame-build,audit.report.report-frame-build,succeeded,2026-09-12 11:33:48.570378+08:00,2026-09-12 11:33:48.680169+08:00,,,"{'report-frame': {'uri': 'file:///D:/pythonpro/audit_network/docs/%E5%85%A8%E6%B5%81%E7%A8%8B%E8%BF%90%E8%A1%8C%E6%97%A5%E5%BF%97-20260912/12-%E6%9C%AC%E6%AC%A1%E8%BF%90%E8%A1%8C%E4%BA%A7%E7%89%A9/chains/plan-ai-fund-fraud-100/report-frame-build-001/output-report-frame-547cca5d95ac3288.json', 'sha256': '547cca5d95ac328866b954dae151d157c64670620027f3c7e149875f6694c3eb', 'size_bytes': 659}}"
report-data-check-001,audit.report.report-data-check,audit.report.report-data-check,succeeded,2026-09-12 11:33:48.721622+08:00,2026-09-12 11:33:48.833018+08:00,,,"{'report-check-report': {'uri': 'file:///D:/pythonpro/audit_network/docs/%E5%85%A8%E6%B5%81%E7%A8%8B%E8%BF%90%E8%A1%8C%E6%97%A5%E5%BF%97-20260912/12-%E6%9C%AC%E6%AC%A1%E8%BF%90%E8%A1%8C%E4%BA%A7%E7%89%A9/chains/plan-ai-fund-fraud-100/report-data-check-001/output-report-check-report-5608cb993fa82708.json', 'sha256': '5608cb993fa827088ccc55fa713ff8c501b04f43912a2289b17c949671343e17', 'size_bytes': 541}}"
report-multi-review-001,audit.report.report-multi-review,audit.report.report-multi-review,succeeded,2026-09-12 11:33:48.878210+08:00,2026-09-12 11:33:48.991300+08:00,,,"{'report-approved': {'uri': 'file:///D:/pythonpro/audit_network/docs/%E5%85%A8%E6%B5%81%E7%A8%8B%E8%BF%90%E8%A1%8C%E6%97%A5%E5%BF%97-20260912/12-%E6%9C%AC%E6%AC%A1%E8%BF%90%E8%A1%8C%E4%BA%A7%E7%89%A9/chains/plan-ai-fund-fraud-100/report-multi-review-001/output-report-approved-91f08b9750152bdf.json', 'sha256': '91f08b9750152bdf4065122e735439ef45d17a0e9131428b207a99f3a1e492ce', 'size_bytes': 278}}"
notice-mask-publish-001,audit.report.notice-mask-publish,audit.report.notice-mask-publish,succeeded,2026-09-12 11:33:49.034154+08:00,2026-09-12 11:33:49.146928+08:00,,,"{'published-notice': {'uri': 'file:///D:/pythonpro/audit_network/docs/%E5%85%A8%E6%B5%81%E7%A8%8B%E8%BF%90%E8%A1%8C%E6%97%A5%E5%BF%97-20260912/12-%E6%9C%AC%E6%AC%A1%E8%BF%90%E8%A1%8C%E4%BA%A7%E7%89%A9/chains/plan-ai-fund-fraud-100/notice-mask-publish-001/output-published-notice-097547cd61dcc1dd.json', 'sha256': '097547cd61dcc1dd1f904b38e812f4e542fb55428ce48bfb30bbd6d7bb304599', 'size_bytes': 404}}"
result-distill-001,audit.report.result-distill,audit.report.result-distill,succeeded,2026-09-12 11:33:49.190694+08:00,2026-09-12 11:33:49.306669+08:00,,,"{'distilled-result': {'uri': 'file:///D:/pythonpro/audit_network/docs/%E5%85%A8%E6%B5%81%E7%A8%8B%E8%BF%90%E8%A1%8C%E6%97%A5%E5%BF%97-20260912/12-%E6%9C%AC%E6%AC%A1%E8%BF%90%E8%A1%8C%E4%BA%A7%E7%89%A9/chains/plan-ai-fund-fraud-100/result-distill-001/output-distilled-result-e4bf3ce4817ead89.json', 'sha256': 'e4bf3ce4817ead8916bc5f9874d7539b14de60154fd5e0da05a7e2921b563492', 'size_bytes': 469}}"
case-library-update-001,audit.govern.case-library-update,audit.govern.case-library-update,succeeded,2026-09-12 11:33:49.346948+08:00,2026-09-12 11:33:49.459358+08:00,,,"{'case-entry': {'uri': 'file:///D:/pythonpro/audit_network/docs/%E5%85%A8%E6%B5%81%E7%A8%8B%E8%BF%90%E8%A1%8C%E6%97%A5%E5%BF%97-20260912/12-%E6%9C%AC%E6%AC%A1%E8%BF%90%E8%A1%8C%E4%BA%A7%E7%89%A9/chains/plan-ai-fund-fraud-100/case-library-update-001/output-case-entry-4ae44708bdfbb304.json', 'sha256': '4ae44708bdfbb304b12275906d41e1d30cf696327054f2fc1ec742971c009ffe', 'size_bytes': 514}}"
suspicion-flag-001,audit.field.suspicion-flag,audit.field.suspicion-flag,succeeded,2026-09-12 11:33:49.503274+08:00,2026-09-12 11:33:49.613177+08:00,,,"{'suspicion-set': {'uri': 'file:///D:/pythonpro/audit_network/docs/%E5%85%A8%E6%B5%81%E7%A8%8B%E8%BF%90%E8%A1%8C%E6%97%A5%E5%BF%97-20260912/12-%E6%9C%AC%E6%AC%A1%E8%BF%90%E8%A1%8C%E4%BA%A7%E7%89%A9/chains/plan-ai-fund-fraud-100/suspicion-flag-001/output-suspicion-set-263de00cc9690c06.json', 'sha256': '263de00cc9690c065c19d2e319a3109cf6ce5bf552aec4b86a0b69e84f0cecdd', 'size_bytes': 697}}"
suspicion-merge-001,audit.finding.suspicion-merge,audit.finding.suspicion-merge,succeeded,2026-09-12 11:33:49.660154+08:00,2026-09-12 11:33:49.771044+08:00,,,"{'merged-suspicion': {'uri': 'file:///D:/pythonpro/audit_network/docs/%E5%85%A8%E6%B5%81%E7%A8%8B%E8%BF%90%E8%A1%8C%E6%97%A5%E5%BF%97-20260912/12-%E6%9C%AC%E6%AC%A1%E8%BF%90%E8%A1%8C%E4%BA%A7%E7%89%A9/chains/plan-ai-fund-fraud-100/suspicion-merge-001/output-merged-suspicion-3080a72ab8568f9f.json', 'sha256': '3080a72ab8568f9fdf81d796f96356aaa5f667e3c7d4232365c1265e805f2e69', 'size_bytes': 3059}}"
issue-type-judge-001,audit.finding.issue-type-judge,audit.finding.issue-type-judge,succeeded,2026-09-12 11:33:49.812876+08:00,2026-09-12 11:33:49.926784+08:00,,,"{'issue-type-set': {'uri': 'file:///D:/pythonpro/audit_network/docs/%E5%85%A8%E6%B5%81%E7%A8%8B%E8%BF%90%E8%A1%8C%E6%97%A5%E5%BF%97-20260912/12-%E6%9C%AC%E6%AC%A1%E8%BF%90%E8%A1%8C%E4%BA%A7%E7%89%A9/chains/plan-ai-fund-fraud-100/issue-type-judge-001/output-issue-type-set-248791398809fa12.json', 'sha256': '248791398809fa1291f5c4be62cbb77b308dd9f4bbe2947fd6745e4e2bf6fa9c', 'size_bytes': 3522}}"
issue-amount-compute-001,audit.finding.issue-amount-compute,audit.finding.issue-amount-compute,succeeded,2026-09-12 11:33:49.969576+08:00,2026-09-12 11:33:50.082475+08:00,,,"{'issue-amount': {'uri': 'file:///D:/pythonpro/audit_network/docs/%E5%85%A8%E6%B5%81%E7%A8%8B%E8%BF%90%E8%A1%8C%E6%97%A5%E5%BF%97-20260912/12-%E6%9C%AC%E6%AC%A1%E8%BF%90%E8%A1%8C%E4%BA%A7%E7%89%A9/chains/plan-ai-fund-fraud-100/issue-amount-compute-001/output-issue-amount-28d30253ca3801e5.json', 'sha256': '28d30253ca3801e5a4ecc4366d49dae9d78ae0e6f8cf2f1145813d91c21a82ac', 'size_bytes': 4256}}"
tag-manage-001,audit.foundation.tag-manage,audit.foundation.tag-manage,succeeded,2026-09-12 11:33:50.126887+08:00,2026-09-12 11:33:50.244773+08:00,,,"{'tag-tree': {'uri': 'file:///D:/pythonpro/audit_network/docs/%E5%85%A8%E6%B5%81%E7%A8%8B%E8%BF%90%E8%A1%8C%E6%97%A5%E5%BF%97-20260912/12-%E6%9C%AC%E6%AC%A1%E8%BF%90%E8%A1%8C%E4%BA%A7%E7%89%A9/chains/plan-ai-fund-fraud-100/tag-manage-001/output-tag-tree-9f02df2e70e47e2c.json', 'sha256': '9f02df2e70e47e2c3e353b24d86b4d71f0e07eed70107af09a4f1a68cd7d1d64', 'size_bytes': 473}}"
team-forming-001,audit.mandate.team-forming,audit.mandate.team-forming,succeeded,2026-09-12 11:33:50.290221+08:00,2026-09-12 11:33:50.405673+08:00,,,"{'team-scheme': {'uri': 'file:///D:/pythonpro/audit_network/docs/%E5%85%A8%E6%B5%81%E7%A8%8B%E8%BF%90%E8%A1%8C%E6%97%A5%E5%BF%97-20260912/12-%E6%9C%AC%E6%AC%A1%E8%BF%90%E8%A1%8C%E4%BA%A7%E7%89%A9/chains/plan-ai-fund-fraud-100/team-forming-001/output-team-scheme-710f373f182754ee.json', 'sha256': '710f373f182754eebcb955e2a453f1a778d7ece8f0b5f26b9dd67d0590b95b0d', 'size_bytes': 965}}"
staff-schedule-001,audit.plan.staff-schedule,audit.plan.staff-schedule,succeeded,2026-09-12 11:33:50.449783+08:00,2026-09-12 11:33:50.563719+08:00,,,"{'schedule-plan': {'uri': 'file:///D:/pythonpro/audit_network/docs/%E5%85%A8%E6%B5%81%E7%A8%8B%E8%BF%90%E8%A1%8C%E6%97%A5%E5%BF%97-20260912/12-%E6%9C%AC%E6%AC%A1%E8%BF%90%E8%A1%8C%E4%BA%A7%E7%89%A9/chains/plan-ai-fund-fraud-100/staff-schedule-001/output-schedule-plan-94d3d490ca5b966e.json', 'sha256': '94d3d490ca5b966e0efe0100f82db64f10cff82fc17b2b2c41cb6119d587d415', 'size_bytes': 1987}}"
effort-budget-001,audit.plan.effort-budget,audit.plan.effort-budget,succeeded,2026-09-12 11:33:50.607122+08:00,2026-09-12 11:33:50.719957+08:00,,,"{'effort-budget': {'uri': 'file:///D:/pythonpro/audit_network/docs/%E5%85%A8%E6%B5%81%E7%A8%8B%E8%BF%90%E8%A1%8C%E6%97%A5%E5%BF%97-20260912/12-%E6%9C%AC%E6%AC%A1%E8%BF%90%E8%A1%8C%E4%BA%A7%E7%89%A9/chains/plan-ai-fund-fraud-100/effort-budget-001/output-effort-budget-136ffa919e8373c3.json', 'sha256': '136ffa919e8373c387111a8f0e944b0211011d86cf9c5ef30c41778cff7eeb38', 'size_bytes': 237}}"
resource-conflict-detect-001,audit.plan.resource-conflict-detect,audit.plan.resource-conflict-detect,succeeded,2026-09-12 11:33:50.766833+08:00,2026-09-12 11:33:50.885825+08:00,,,"{'conflict-alert': {'uri': 'file:///D:/pythonpro/audit_network/docs/%E5%85%A8%E6%B5%81%E7%A8%8B%E8%BF%90%E8%A1%8C%E6%97%A5%E5%BF%97-20260912/12-%E6%9C%AC%E6%AC%A1%E8%BF%90%E8%A1%8C%E4%BA%A7%E7%89%A9/chains/plan-ai-fund-fraud-100/resource-conflict-detect-001/output-conflict-alert-44cc9887b84a6785.json', 'sha256': '44cc9887b84a678505c76673a8e75545c14f6a137d6800a5502dc26fc5d3b025', 'size_bytes': 385}}"
violation-clause-match-001,audit.finding.violation-clause-match,audit.finding.violation-clause-match,succeeded,2026-09-12 11:33:50.931233+08:00,2026-09-12 11:33:51.040125+08:00,,,"{'violation-clause': {'uri': 'file:///D:/pythonpro/audit_network/docs/%E5%85%A8%E6%B5%81%E7%A8%8B%E8%BF%90%E8%A1%8C%E6%97%A5%E5%BF%97-20260912/12-%E6%9C%AC%E6%AC%A1%E8%BF%90%E8%A1%8C%E4%BA%A7%E7%89%A9/chains/plan-ai-fund-fraud-100/violation-clause-match-001/output-violation-clause-81889837d75fbc0d.json', 'sha256': '81889837d75fbc0d4f2f89193bb926fe2d5e35772bdc6ff63742479c71c151d4', 'size_bytes': 4902}}"
responsible-party-find-001,audit.finding.responsible-party-find,audit.finding.responsible-party-find,succeeded,2026-09-12 11:33:51.082436+08:00,2026-09-12 11:33:51.191253+08:00,,,"{'responsible-party': {'uri': 'file:///D:/pythonpro/audit_network/docs/%E5%85%A8%E6%B5%81%E7%A8%8B%E8%BF%90%E8%A1%8C%E6%97%A5%E5%BF%97-20260912/12-%E6%9C%AC%E6%AC%A1%E8%BF%90%E8%A1%8C%E4%BA%A7%E7%89%A9/chains/plan-ai-fund-fraud-100/responsible-party-find-001/output-responsible-party-30f93d499da201cf.json', 'sha256': '30f93d499da201cffe71e6451e430b0acfd709e2be934c31af0f37f05ff10688', 'size_bytes': 4948}}"
issue-grade-001,audit.finding.issue-grade,audit.finding.issue-grade,succeeded,2026-09-12 11:33:51.236090+08:00,2026-09-12 11:33:51.345230+08:00,,,"{'graded-issue': {'uri': 'file:///D:/pythonpro/audit_network/docs/%E5%85%A8%E6%B5%81%E7%A8%8B%E8%BF%90%E8%A1%8C%E6%97%A5%E5%BF%97-20260912/12-%E6%9C%AC%E6%AC%A1%E8%BF%90%E8%A1%8C%E4%BA%A7%E7%89%A9/chains/plan-ai-fund-fraud-100/issue-grade-001/output-graded-issue-c9aa2c2ccbd6336a.json', 'sha256': 'c9aa2c2ccbd6336ac49a0b6ebbf736b24f43dfea1a538970f0c06984a9e90c43', 'size_bytes': 4899}}"
auditee-feedback-001,audit.finding.auditee-feedback,audit.finding.auditee-feedback,succeeded,2026-09-12 11:33:51.386108+08:00,2026-09-12 11:33:51.500431+08:00,,,"{'feedback-set': {'uri': 'file:///D:/pythonpro/audit_network/docs/%E5%85%A8%E6%B5%81%E7%A8%8B%E8%BF%90%E8%A1%8C%E6%97%A5%E5%BF%97-20260912/12-%E6%9C%AC%E6%AC%A1%E8%BF%90%E8%A1%8C%E4%BA%A7%E7%89%A9/chains/plan-ai-fund-fraud-100/auditee-feedback-001/output-feedback-set-f3513adc0d9e40b6.json', 'sha256': 'f3513adc0d9e40b62d309f7205a1a327d6865432bf8853b7adaa3696d9f5cb74', 'size_bytes': 6209}}"
issue-final-review-001,audit.finding.issue-final-review,audit.finding.issue-final-review,succeeded,2026-09-12 11:33:51.545069+08:00,2026-09-12 11:33:51.654668+08:00,,,"{'final-issue-set': {'uri': 'file:///D:/pythonpro/audit_network/docs/%E5%85%A8%E6%B5%81%E7%A8%8B%E8%BF%90%E8%A1%8C%E6%97%A5%E5%BF%97-20260912/12-%E6%9C%AC%E6%AC%A1%E8%BF%90%E8%A1%8C%E4%BA%A7%E7%89%A9/chains/plan-ai-fund-fraud-100/issue-final-review-001/output-final-issue-set-b45aa48f88c5d053.json', 'sha256': 'b45aa48f88c5d053275616fc16b54cff9b8d4c17b2955b9ad441ce5a8a5e3507', 'size_bytes': 6527}}"
advice-match-001,audit.report.advice-match,audit.report.advice-match,succeeded,2026-09-12 11:33:51.699761+08:00,2026-09-12 11:33:51.808984+08:00,,,"{'advice-set': {'uri': 'file:///D:/pythonpro/audit_network/docs/%E5%85%A8%E6%B5%81%E7%A8%8B%E8%BF%90%E8%A1%8C%E6%97%A5%E5%BF%97-20260912/12-%E6%9C%AC%E6%AC%A1%E8%BF%90%E8%A1%8C%E4%BA%A7%E7%89%A9/chains/plan-ai-fund-fraud-100/advice-match-001/output-advice-set-2600eccfbc97b6dc.json', 'sha256': '2600eccfbc97b6dc67c4d5fb2aefb3cd52dccbc824c421fccc7119171dacc9d0', 'size_bytes': 1606}}"
issue-desc-write-001,audit.report.issue-desc-write,audit.report.issue-desc-write,succeeded,2026-09-12 11:33:51.850387+08:00,2026-09-12 11:33:51.963201+08:00,,,"{'issue-desc': {'uri': 'file:///D:/pythonpro/audit_network/docs/%E5%85%A8%E6%B5%81%E7%A8%8B%E8%BF%90%E8%A1%8C%E6%97%A5%E5%BF%97-20260912/12-%E6%9C%AC%E6%AC%A1%E8%BF%90%E8%A1%8C%E4%BA%A7%E7%89%A9/chains/plan-ai-fund-fraud-100/issue-desc-write-001/output-issue-desc-d86cd007e3b98c1a.json', 'sha256': 'd86cd007e3b98c1a759f24d3dcba97aae2b9f5e04f6fae84ac675abee47d2d70', 'size_bytes': 3728}}"
remedy-dispatch-001,audit.remedy.remedy-dispatch,audit.remedy.remedy-dispatch,succeeded,2026-09-12 11:33:52.006829+08:00,2026-09-12 11:33:52.112820+08:00,,,"{'remedy-task': {'uri': 'file:///D:/pythonpro/audit_network/docs/%E5%85%A8%E6%B5%81%E7%A8%8B%E8%BF%90%E8%A1%8C%E6%97%A5%E5%BF%97-20260912/12-%E6%9C%AC%E6%AC%A1%E8%BF%90%E8%A1%8C%E4%BA%A7%E7%89%A9/chains/plan-ai-fund-fraud-100/remedy-dispatch-001/output-remedy-task-25e15d9a2987aaa1.json', 'sha256': '25e15d9a2987aaa15e0e81cd7fb9a323794e522bd3f1ddf4c4f832f2718ca514', 'size_bytes': 1703}}"
remedy-plan-review-001,audit.remedy.remedy-plan-review,audit.remedy.remedy-plan-review,succeeded,2026-09-12 11:33:52.156629+08:00,2026-09-12 11:33:52.265232+08:00,,,"{'remedy-plan-approved': {'uri': 'file:///D:/pythonpro/audit_network/docs/%E5%85%A8%E6%B5%81%E7%A8%8B%E8%BF%90%E8%A1%8C%E6%97%A5%E5%BF%97-20260912/12-%E6%9C%AC%E6%AC%A1%E8%BF%90%E8%A1%8C%E4%BA%A7%E7%89%A9/chains/plan-ai-fund-fraud-100/remedy-plan-review-001/output-remedy-plan-approved-15ac6ab30c033671.json', 'sha256': '15ac6ab30c033671eb9427c33725e0c1514ec0be6e8a97b7d0923a1e2e5ba7c2', 'size_bytes': 1892}}"
remedy-progress-track-001,audit.remedy.remedy-progress-track,audit.remedy.remedy-progress-track,succeeded,2026-09-12 11:33:52.306760+08:00,2026-09-12 11:33:52.415438+08:00,,,"{'remedy-progress': {'uri': 'file:///D:/pythonpro/audit_network/docs/%E5%85%A8%E6%B5%81%E7%A8%8B%E8%BF%90%E8%A1%8C%E6%97%A5%E5%BF%97-20260912/12-%E6%9C%AC%E6%AC%A1%E8%BF%90%E8%A1%8C%E4%BA%A7%E7%89%A9/chains/plan-ai-fund-fraud-100/remedy-progress-track-001/output-remedy-progress-aa49215fe753e480.json', 'sha256': 'aa49215fe753e4808f338f82ff3bfa4c6b26ca31997a2d8738fb1f1bc7fdff03', 'size_bytes': 486}}"
remedy-overdue-alert-001,audit.remedy.remedy-overdue-alert,audit.remedy.remedy-overdue-alert,succeeded,2026-09-12 11:33:52.459923+08:00,2026-09-12 11:33:52.570603+08:00,,,"{'overdue-alert': {'uri': 'file:///D:/pythonpro/audit_network/docs/%E5%85%A8%E6%B5%81%E7%A8%8B%E8%BF%90%E8%A1%8C%E6%97%A5%E5%BF%97-20260912/12-%E6%9C%AC%E6%AC%A1%E8%BF%90%E8%A1%8C%E4%BA%A7%E7%89%A9/chains/plan-ai-fund-fraud-100/remedy-overdue-alert-001/output-overdue-alert-8dad958720735a1c.json', 'sha256': '8dad958720735a1c1834eea8310c5632568844ef9bd83fb77667beb65530ab7c', 'size_bytes': 304}}"
viz-analysis-001,audit.foundation.viz-analysis,audit.foundation.viz-analysis,succeeded,2026-09-12 11:33:52.612715+08:00,2026-09-12 11:33:52.723877+08:00,,,"{'viz-output': {'uri': 'file:///D:/pythonpro/audit_network/docs/%E5%85%A8%E6%B5%81%E7%A8%8B%E8%BF%90%E8%A1%8C%E6%97%A5%E5%BF%97-20260912/12-%E6%9C%AC%E6%AC%A1%E8%BF%90%E8%A1%8C%E4%BA%A7%E7%89%A9/chains/plan-ai-fund-fraud-100/viz-analysis-001/output-viz-output-c9dcb0db0bdecd46.json', 'sha256': 'c9dcb0db0bdecd46ea2ce146f87e2cee870f7ef3418e698ac517fffb6fb58862', 'size_bytes': 461}}"
voucher-drilldown-001,audit.field.voucher-drilldown,audit.field.voucher-drilldown,succeeded,2026-09-12 11:33:52.880787+08:00,2026-09-12 11:33:52.993514+08:00,,,"{'voucher-chain': {'uri': 'file:///D:/pythonpro/audit_network/docs/%E5%85%A8%E6%B5%81%E7%A8%8B%E8%BF%90%E8%A1%8C%E6%97%A5%E5%BF%97-20260912/12-%E6%9C%AC%E6%AC%A1%E8%BF%90%E8%A1%8C%E4%BA%A7%E7%89%A9/chains/plan-ai-fund-fraud-100/voucher-drilldown-001/output-voucher-chain-eba51fdc5736936c.json', 'sha256': 'eba51fdc5736936cc1fc4dc3d6cfb0cd350914ffbe9cf1d46a519cc8c11635dc', 'size_bytes': 10998}}"
workflow-engine-001,audit.foundation.workflow-engine,audit.foundation.workflow-engine,succeeded,2026-09-12 11:33:53.038724+08:00,2026-09-12 11:33:53.150709+08:00,,,"{'workflow-state': {'uri': 'file:///D:/pythonpro/audit_network/docs/%E5%85%A8%E6%B5%81%E7%A8%8B%E8%BF%90%E8%A1%8C%E6%97%A5%E5%BF%97-20260912/12-%E6%9C%AC%E6%AC%A1%E8%BF%90%E8%A1%8C%E4%BA%A7%E7%89%A9/chains/plan-ai-fund-fraud-100/workflow-engine-001/output-workflow-state-d010a13caebec7ce.json', 'sha256': 'd010a13caebec7ce0d4dec4376d1fa4587a9e3917a84a8d2eb8104345890bb5e', 'size_bytes': 238}}"
workpaper-borrow-approve-001,audit.evidence.workpaper-borrow-approve,audit.evidence.workpaper-borrow-approve,succeeded,2026-09-12 11:33:53.193950+08:00,2026-09-12 11:33:53.414226+08:00,,,"{'borrow-status': {'uri': 'file:///D:/pythonpro/audit_network/docs/%E5%85%A8%E6%B5%81%E7%A8%8B%E8%BF%90%E8%A1%8C%E6%97%A5%E5%BF%97-20260912/12-%E6%9C%AC%E6%AC%A1%E8%BF%90%E8%A1%8C%E4%BA%A7%E7%89%A9/chains/plan-ai-fund-fraud-100/workpaper-borrow-approve-001/output-borrow-status-c249e28684c276e6.json', 'sha256': 'c249e28684c276e6951b9deeab92fa216de2e0326dd89429d81f62b0dd6c3a43', 'size_bytes': 518}}"
workpaper-build-001,audit.field.workpaper-build,audit.field.workpaper-build,succeeded,2026-09-12 11:33:53.459797+08:00,2026-09-12 11:33:53.577598+08:00,,,"{'workpaper-draft': {'uri': 'file:///D:/pythonpro/audit_network/docs/%E5%85%A8%E6%B5%81%E7%A8%8B%E8%BF%90%E8%A1%8C%E6%97%A5%E5%BF%97-20260912/12-%E6%9C%AC%E6%AC%A1%E8%BF%90%E8%A1%8C%E4%BA%A7%E7%89%A9/chains/plan-ai-fund-fraud-100/workpaper-build-001/output-workpaper-draft-6faf6a6f6ac5b829.json', 'sha256': '6faf6a6f6ac5b8294f941fe18bcf987ce85ca148703aff247453a42ade9351b3', 'size_bytes': 8775}}"
evidence-index-link-001,audit.evidence.evidence-index-link,audit.evidence.evidence-index-link,succeeded,2026-09-12 11:33:53.620427+08:00,2026-09-12 11:33:53.731936+08:00,,,"{'evidence-index': {'uri': 'file:///D:/pythonpro/audit_network/docs/%E5%85%A8%E6%B5%81%E7%A8%8B%E8%BF%90%E8%A1%8C%E6%97%A5%E5%BF%97-20260912/12-%E6%9C%AC%E6%AC%A1%E8%BF%90%E8%A1%8C%E4%BA%A7%E7%89%A9/chains/plan-ai-fund-fraud-100/evidence-index-link-001/output-evidence-index-4a4c4f9ccb66bb86.json', 'sha256': '4a4c4f9ccb66bb8683ecaa0a751d55624408113cb2c399812002e6b5eb5ca81d', 'size_bytes': 8138}}"
evidence-verify-001,audit.evidence.evidence-verify,audit.evidence.evidence-verify,succeeded,2026-09-12 11:33:53.773003+08:00,2026-09-12 11:33:53.885122+08:00,,,"{'evidence-verdict': {'uri': 'file:///D:/pythonpro/audit_network/docs/%E5%85%A8%E6%B5%81%E7%A8%8B%E8%BF%90%E8%A1%8C%E6%97%A5%E5%BF%97-20260912/12-%E6%9C%AC%E6%AC%A1%E8%BF%90%E8%A1%8C%E4%BA%A7%E7%89%A9/chains/plan-ai-fund-fraud-100/evidence-verify-001/output-evidence-verdict-7052ead207c76540.json', 'sha256': '7052ead207c765407ae7fdb6b8083cd1dc4d5a03db7c89cf1826c5f27953374d', 'size_bytes': 624}}"
remedy-effect-verify-001,audit.remedy.remedy-effect-verify,audit.remedy.remedy-effect-verify,succeeded,2026-09-12 11:33:53.929840+08:00,2026-09-12 11:33:54.045320+08:00,,,"{'remedy-verdict': {'uri': 'file:///D:/pythonpro/audit_network/docs/%E5%85%A8%E6%B5%81%E7%A8%8B%E8%BF%90%E8%A1%8C%E6%97%A5%E5%BF%97-20260912/12-%E6%9C%AC%E6%AC%A1%E8%BF%90%E8%A1%8C%E4%BA%A7%E7%89%A9/chains/plan-ai-fund-fraud-100/remedy-effect-verify-001/output-remedy-verdict-45dfc352ebb4ea54.json', 'sha256': '45dfc352ebb4ea5450e22b460914b5feb370fa4afcabb8e71d16bdb3ce6ecb18', 'size_bytes': 354}}"
remedy-close-001,audit.remedy.remedy-close,audit.remedy.remedy-close,succeeded,2026-09-12 11:33:54.087288+08:00,2026-09-12 11:33:54.197899+08:00,,,"{'remedy-ledger': {'uri': 'file:///D:/pythonpro/audit_network/docs/%E5%85%A8%E6%B5%81%E7%A8%8B%E8%BF%90%E8%A1%8C%E6%97%A5%E5%BF%97-20260912/12-%E6%9C%AC%E6%AC%A1%E8%BF%90%E8%A1%8C%E4%BA%A7%E7%89%A9/chains/plan-ai-fund-fraud-100/remedy-close-001/output-remedy-ledger-b46e5f7ddc3d674f.json', 'sha256': 'b46e5f7ddc3d674f66e44c1e04a08463013a104bf8205b6a3c8b957aa1121ce7', 'size_bytes': 252}}"
effect-evaluate-001,audit.govern.effect-evaluate,audit.govern.effect-evaluate,succeeded,2026-09-12 11:33:54.241851+08:00,2026-09-12 11:33:54.355033+08:00,,,"{'effect-report': {'uri': 'file:///D:/pythonpro/audit_network/docs/%E5%85%A8%E6%B5%81%E7%A8%8B%E8%BF%90%E8%A1%8C%E6%97%A5%E5%BF%97-20260912/12-%E6%9C%AC%E6%AC%A1%E8%BF%90%E8%A1%8C%E4%BA%A7%E7%89%A9/chains/plan-ai-fund-fraud-100/effect-evaluate-001/output-effect-report-aba12271a9a7ad01.json', 'sha256': 'aba12271a9a7ad01d6793457076681432a42e3fd4bf73464b0d12ab1d69f9823', 'size_bytes': 286}}"
remedy-publish-001,audit.remedy.remedy-publish,audit.remedy.remedy-publish,succeeded,2026-09-12 11:33:54.401181+08:00,2026-09-12 11:33:54.538379+08:00,,,"{'published-remedy': {'uri': 'file:///D:/pythonpro/audit_network/docs/%E5%85%A8%E6%B5%81%E7%A8%8B%E8%BF%90%E8%A1%8C%E6%97%A5%E5%BF%97-20260912/12-%E6%9C%AC%E6%AC%A1%E8%BF%90%E8%A1%8C%E4%BA%A7%E7%89%A9/chains/plan-ai-fund-fraud-100/remedy-publish-001/output-published-remedy-3c5b826eb38b0199.json', 'sha256': '3c5b826eb38b0199d6d717805064c6ea3d229a62a514060bc3d10af74cbadd89', 'size_bytes': 331}}"
workpaper-reconcile-001,audit.evidence.workpaper-reconcile,audit.evidence.workpaper-reconcile,succeeded,2026-09-12 11:33:54.592040+08:00,2026-09-12 11:33:54.733744+08:00,,,"{'reconcile-report': {'uri': 'file:///D:/pythonpro/audit_network/docs/%E5%85%A8%E6%B5%81%E7%A8%8B%E8%BF%90%E8%A1%8C%E6%97%A5%E5%BF%97-20260912/12-%E6%9C%AC%E6%AC%A1%E8%BF%90%E8%A1%8C%E4%BA%A7%E7%89%A9/chains/plan-ai-fund-fraud-100/workpaper-reconcile-001/output-reconcile-report-9502e3fca3613bbd.json', 'sha256': '9502e3fca3613bbdde3d7be9e1931840ea7a9529e59e7234aeadb71adec5e74c', 'size_bytes': 213}}"
workpaper-review3-001,audit.evidence.workpaper-review3,audit.evidence.workpaper-review3,succeeded,2026-09-12 11:33:54.788427+08:00,2026-09-12 11:33:54.906290+08:00,,,"{'review-status': {'uri': 'file:///D:/pythonpro/audit_network/docs/%E5%85%A8%E6%B5%81%E7%A8%8B%E8%BF%90%E8%A1%8C%E6%97%A5%E5%BF%97-20260912/12-%E6%9C%AC%E6%AC%A1%E8%BF%90%E8%A1%8C%E4%BA%A7%E7%89%A9/chains/plan-ai-fund-fraud-100/workpaper-review3-001/output-review-status-c9b852ea134e298c.json', 'sha256': 'c9b852ea134e298c4acb309ec6f7eecfdf9cd244a4815b74b723690b57929ea2', 'size_bytes': 4075}}"
e-signature-001,audit.evidence.e-signature,audit.evidence.e-signature,succeeded,2026-09-12 11:33:54.961549+08:00,2026-09-12 11:33:55.078873+08:00,,,"{'signed-workpaper': {'uri': 'file:///D:/pythonpro/audit_network/docs/%E5%85%A8%E6%B5%81%E7%A8%8B%E8%BF%90%E8%A1%8C%E6%97%A5%E5%BF%97-20260912/12-%E6%9C%AC%E6%AC%A1%E8%BF%90%E8%A1%8C%E4%BA%A7%E7%89%A9/chains/plan-ai-fund-fraud-100/e-signature-001/output-signed-workpaper-6a7b072f2d5bad1d.json', 'sha256': '6a7b072f2d5bad1d5acd37cbb1b859bd6a6dd4ab752f1ea5a9af0e612dd1068a', 'size_bytes': 3241}}"
workpaper-encrypt-store-001,audit.evidence.workpaper-encrypt-store,audit.evidence.workpaper-encrypt-store,succeeded,2026-09-12 11:33:55.122413+08:00,2026-09-12 11:33:55.235978+08:00,,,"{'encrypt-status': {'uri': 'file:///D:/pythonpro/audit_network/docs/%E5%85%A8%E6%B5%81%E7%A8%8B%E8%BF%90%E8%A1%8C%E6%97%A5%E5%BF%97-20260912/12-%E6%9C%AC%E6%AC%A1%E8%BF%90%E8%A1%8C%E4%BA%A7%E7%89%A9/chains/plan-ai-fund-fraud-100/workpaper-encrypt-store-001/output-encrypt-status-ed1f6e7a6617b363.json', 'sha256': 'ed1f6e7a6617b363e168bc2c6bcce40d039f4ea0c38219984d5eba731630098c', 'size_bytes': 3738}}"
workpaper-template-update-001,audit.evidence.workpaper-template-update,audit.evidence.workpaper-template-update,succeeded,2026-09-12 11:33:55.283251+08:00,2026-09-12 11:33:55.410236+08:00,,,"{'template-update-set': {'uri': 'file:///D:/pythonpro/audit_network/docs/%E5%85%A8%E6%B5%81%E7%A8%8B%E8%BF%90%E8%A1%8C%E6%97%A5%E5%BF%97-20260912/12-%E6%9C%AC%E6%AC%A1%E8%BF%90%E8%A1%8C%E4%BA%A7%E7%89%A9/chains/plan-ai-fund-fraud-100/workpaper-template-update-001/output-template-update-set-72e8196978588f60.json', 'sha256': '72e8196978588f609276ba1981583c9f0b8d28110f887cff966731b084cc9c6c', 'size_bytes': 4210}}"
workpaper-version-diff-001,audit.evidence.workpaper-version-diff,audit.evidence.workpaper-version-diff,succeeded,2026-09-12 11:33:55.459573+08:00,2026-09-12 11:33:55.579545+08:00,,,"{'version-diff-report': {'uri': 'file:///D:/pythonpro/audit_network/docs/%E5%85%A8%E6%B5%81%E7%A8%8B%E8%BF%90%E8%A1%8C%E6%97%A5%E5%BF%97-20260912/12-%E6%9C%AC%E6%AC%A1%E8%BF%90%E8%A1%8C%E4%BA%A7%E7%89%A9/chains/plan-ai-fund-fraud-100/workpaper-version-diff-001/output-version-diff-report-d63294efb2dd69a2.json', 'sha256': 'd63294efb2dd69a24f5872c2f495fcdbf793b9c3b6aa73cbdba920a351e063c9', 'size_bytes': 4300}}"
